ProductKey,ProductName,Category,Subcategory,product_status,q11,r11,c11_total,gp11,gm11_pct,q12,r12,c12_total,gp12,gm12_pct,revenue_change,gp_change,gm_pct_change,p11,c11,ugp11,p12,c12,ugp12,baseline_avg_ugp,price_effect,unit_cost_effect,volume_effect,mix_effect,reconciled_gp_change,residual
502,"LL Touring Frame - Blue, 50",Components,Touring Frames,NEW,0.0,0.0,0.0,0.0,0.0,18.0,3600.936,3597.3342,3.6018,0.0010002399376162197,3600.936,3.6018,0.0010002399376162197,0.0,0.0,0.0,200.052,199.8519,0.2001,2.6635030771366432,0.0,0.0,47.943055388459584,-44.34125538845958,3.6018,0.0
213,"Sport-100 Helmet, Red",Accessories,Helmets,CONTINUING,122.0,1847.067,1693.1404,153.9266,0.08333568841844936,954.0,18993.8935,13239.8028,5754.0907,0.3029442436328286,17146.8265,5600.1641,0.21960855521437928,15.13989344262295,13.8782,1.2616934426229507,19.909741614255765,13.8782,6.031541614255765,2.6635030771366432,4550.435155737705,0.0,2216.034560177687,-1166.3056159153923,5600.1641,-3.2e-15
254,"LL Road Frame - Black, 58",Components,Road Frames,CONTINUING,30.0,5518.146,5104.284,413.862,0.075000190281301,286.0,52606.3252,48660.8408,3945.4844,0.075000190281301,47088.1792,3531.6224,0.0,183.9382,170.1428,13.7954,183.9382,170.1428,13.7954,2.6635030771366432,0.0,0.0,681.8567877469807,2849.7656122530193,3531.6224,0.0
435,"ML Road Frame-W - Yellow, 48",Components,Road Frames,CONTINUING,27.0,8760.2229,8103.2076,657.0153,0.07499983818904882,337.0,109340.5599,101140.0356,8200.5243,0.07499983818904882,100580.337,7543.509,0.0,324.4527,300.1188,24.3339,324.4527,300.1188,24.3339,2.6635030771366432,0.0,0.0,825.6859539123594,6717.82304608764,7543.509,0.0
374,"Road-250 Black, 44",Bikes,Road Bikes,NEW,0.0,0.0,0.0,0.0,0.0,38.0,55708.38,59088.0202,-3379.6402,-0.06066663938172318,55708.38,-3379.6402,-0.06066663938172318,0.0,0.0,0.0,1466.01,1554.9479,-88.9379,2.6635030771366432,0.0,0.0,101.21311693119245,-3480.8533169311922,-3379.6402,0.0
357,"Mountain-200 Silver, 46",Bikes,Mountain Bikes,NEW,0.0,0.0,0.0,0.0,0.0,35.0,48719.79,44296.6825,4423.1075,0.09078667005748588,48719.79,4423.1075,0.09078667005748588,0.0,0.0,0.0,1391.994,1265.6195,126.3745,2.6635030771366432,0.0,0.0,93.22260769978251,4329.884892300218,4423.1075,0.0
521,LL Touring Seat/Saddle,Components,Saddles,NEW,0.0,0.0,0.0,0.0,0.0,12.0,195.264,144.4956,50.7684,0.25999877089478857,195.264,50.7684,0.25999877089478857,0.0,0.0,0.0,16.272,12.0413,4.2307,2.6635030771366432,0.0,0.0,31.962036925639723,18.80636307436028,50.7684,0.0
238,"HL Road Frame - Red, 62",Components,Road Frames,DISCONTINUED,21.0,15919.5939,15707.3322,212.2617,0.013333361474754704,0.0,0.0,0.0,0.0,0.0,-15919.5939,-212.2617,-0.013333361474754704,758.0759,747.9682,10.1077,0.0,0.0,0.0,2.6635030771366432,0.0,0.0,-55.933564619869514,-156.32813538013048,-212.2617,0.0
388,"Road-550-W Yellow, 44",Bikes,Road Bikes,NEW,0.0,0.0,0.0,0.0,0.0,11.0,7395.234,7843.8778,-448.6438,-0.06066661311866534,7395.234,-448.6438,-0.06066661311866534,0.0,0.0,0.0,672.294,713.0798,-40.7858,2.6635030771366432,0.0,0.0,29.298533848503077,-477.9423338485031,-448.6438,0.0
507,"LL Touring Frame - Yellow, 50",Components,Touring Frames,NEW,0.0,0.0,0.0,0.0,0.0,14.0,2800.728,2797.9266,2.8014,0.0010002399376162197,2800.728,2.8014,0.0010002399376162197,0.0,0.0,0.0,200.052,199.8519,0.2001,2.6635030771366432,0.0,0.0,37.28904307991301,-34.487643079913006,2.8014,0.0
483,Hitch Rack - 4-Bike,Accessories,Bike Racks,NEW,0.0,0.0,0.0,0.0,0.0,148.0,9941.808,6642.24,3299.568,0.3318881233675002,9941.808,3299.568,0.3318881233675002,0.0,0.0,0.0,67.17437837837838,44.88,22.29437837837838,2.6635030771366432,0.0,0.0,394.1984554162232,2905.3695445837766,3299.568,-3.2e-15
348,"Mountain-100 Black, 38",Bikes,Mountain Bikes,DISCONTINUED,501.0,929471.9087,950945.2944,-21473.3857,-0.023102780728503795,0.0,0.0,0.0,0.0,0.0,-929471.9087,21473.3857,0.023102780728503795,1855.2333506986029,1898.0944,-42.86104930139721,0.0,0.0,0.0,2.6635030771366432,0.0,0.0,-1334.4150416454584,22807.800741645457,21473.3857,-5.6e-15
544,HL Mountain Pedal,Components,Pedals,NEW,0.0,0.0,0.0,0.0,0.0,27.0,1312.038,970.9092,341.1288,0.2599991768531094,1312.038,341.1288,0.2599991768531094,0.0,0.0,0.0,48.594,35.9596,12.6344,2.6635030771366432,0.0,0.0,71.91458308268938,269.21421691731064,341.1288,0.0
360,"Mountain-200 Black, 42",Bikes,Mountain Bikes,CONTINUING,61.0,74219.9756,67454.41,6765.5656,0.09115558911609235,732.0,896869.5725,809452.92,87416.6525,0.09746863443736686,822649.5969,80651.0869,0.006313045321274514,1216.7209114754098,1105.81,110.91091147540983,1225.231656420765,1105.81,119.42165642076503,2.6635030771366432,6229.8653,0.0,1787.2105647586877,72634.01103524132,80651.0869,1.85e-14
594,"Mountain-500 Silver, 48",Bikes,Mountain Bikes,NEW,0.0,0.0,0.0,0.0,0.0,15.0,5084.91,4623.2685,461.6415,0.09078656259402822,5084.91,461.6415,0.09078656259402822,0.0,0.0,0.0,338.994,308.2179,30.7761,2.6635030771366432,0.0,0.0,39.95254615704965,421.68895384295035,461.6415,0.0
342,"Road-650 Black, 52",Bikes,Road Bikes,DISCONTINUED,482.0,201869.9096,199136.5166,2733.393,0.013540368673152663,0.0,0.0,0.0,0.0,0.0,-201869.9096,-2733.393,-0.013540368673152663,418.8172398340249,413.1463,5.670939834024896,0.0,0.0,0.0,2.6635030771366432,0.0,0.0,-1283.8084831798622,-1449.5845168201379,-2733.393,1.66e-14
581,"Road-350-W Yellow, 42",Bikes,Road Bikes,NEW,0.0,0.0,0.0,0.0,0.0,44.0,44906.136,47630.44,-2724.304,-0.06066663139309069,44906.136,-2724.304,-0.06066663139309069,0.0,0.0,0.0,1020.594,1082.51,-61.916,2.6635030771366432,0.0,0.0,117.1941353940123,-2841.4981353940125,-2724.304,0.0
273,"LL Road Frame - Red, 62",Components,Road Frames,CONTINUING,38.0,7688.616,7111.9698,576.6462,0.075,334.0,67461.6703,62510.4714,4951.1989,0.07339277070938459,59773.0543,4374.5527,-0.001607229290615415,202.332,187.1571,15.1749,201.9810488023952,187.1571,14.82394880239521,2.6635030771366432,-117.2177,0.0,788.3969108324465,3703.3734891675535,4374.5527,-6.4e-15
472,"Classic Vest, M",Clothing,Vests,NEW,0.0,0.0,0.0,0.0,0.0,135.0,4892.9989,3206.115,1686.8839,0.34475460437973937,4892.9989,1686.8839,0.34475460437973937,0.0,0.0,0.0,36.2444362962963,23.749,12.495436296296296,2.6635030771366432,0.0,0.0,359.5729154134469,1327.310984586553,1686.8839,-5e-16
290,"HL Mountain Frame - Silver, 42",Components,Mountain Frames,NEW,0.0,0.0,0.0,0.0,0.0,14.0,11461.8,10460.8028,1000.9972,0.08733333333333333,11461.8,1000.9972,0.08733333333333333,0.0,0.0,0.0,818.7,747.2002,71.4998,2.6635030771366432,0.0,0.0,37.28904307991301,963.708156920087,1000.9972,0.0
327,"Road-650 Red, 44",Bikes,Road Bikes,CONTINUING,88.0,14469.6552,42830.1808,-28360.5256,-1.9600000973070872,1012.0,430168.2855,492547.0792,-62378.7937,-0.14501021066091588,415698.6303,-34018.2681,1.8149898866461713,164.4279,486.7066,-322.2787,425.0674757905138,486.7066,-61.63912420948617,2.6635030771366432,263767.2507,0.0,2461.0768432742584,-300246.59564327425,-34018.2681,-8e-15
419,LL Mountain Rear Wheel,Components,Wheels,CONTINUING,38.0,2000.586,1480.4344,520.1516,0.2599996201113074,210.0,11055.87,8181.348,2874.522,0.2599996201113074,9055.284,2354.3704,0.0,52.647,38.9588,13.6882,52.647,38.9588,13.6882,2.6635030771366432,0.0,0.0,458.12252926750267,1896.2478707324974,2354.3704,0.0
520,HL Road Seat/Saddle,Components,Saddles,NEW,0.0,0.0,0.0,0.0,0.0,12.0,379.008,280.4664,98.5416,0.2599987335359676,379.008,98.5416,0.2599987335359676,0.0,0.0,0.0,31.584,23.3722,8.2118,2.6635030771366432,0.0,0.0,31.962036925639723,66.57956307436028,98.5416,0.0
381,"Road-550-W Yellow, 38",Bikes,Road Bikes,CONTINUING,47.0,27485.2207,28465.5124,-980.2917,-0.03566613892971214,520.0,312136.5,314937.584,-2801.084,-0.008973907248911934,284651.2793,-1820.7923,0.026692231680800208,584.791929787234,605.6492,-20.857270212765957,600.2625,605.6492,-5.3867,2.6635030771366432,8044.696510638298,0.0,1259.8369554856324,-11125.32576612393,-1820.7923,2.2e-15
439,"HL Road Frame - Black, 44",Components,Road Frames,CONTINUING,18.0,14054.7276,13000.6224,1054.1052,0.07500004482477483,156.0,121807.6392,112672.0608,9135.5784,0.07500004482477483,107752.9116,8081.4732,0.0,780.8182,722.2568,58.5614,780.8182,722.2568,58.5614,2.6635030771366432,0.0,0.0,367.5634246448568,7713.909775355143,8081.4732,0.0
314,"Road-150 Red, 56",Bikes,Road Bikes,DISCONTINUED,258.0,553916.196,560193.9036,-6277.7076,-0.011333316565453883,0.0,0.0,0.0,0.0,0.0,-553916.196,6277.7076,0.011333316565453883,2146.962,2171.2942,-24.3322,0.0,0.0,0.0,2.6635030771366432,0.0,0.0,-687.183793901254,6964.891393901254,6277.7076,0.0
598,"Mountain-500 Black, 44",Bikes,Mountain Bikes,NEW,0.0,0.0,0.0,0.0,0.0,10.0,3239.94,2945.797,294.143,0.09078655777576128,3239.94,294.143,0.09078655777576128,0.0,0.0,0.0,323.994,294.5797,29.4143,2.6635030771366432,0.0,0.0,26.635030771366434,267.50796922863356,294.143,0.0
366,"Mountain-300 Black, 44",Bikes,Mountain Bikes,CONTINUING,35.0,22679.79,20945.239,1734.551,0.07648002913607224,513.0,332420.922,306997.3602,25423.5618,0.07648002913607224,309741.132,23689.0108,0.0,647.994,598.4354,49.5586,647.994,598.4354,49.5586,2.6635030771366432,0.0,0.0,1273.1544708713157,22415.856329128685,23689.0108,0.0
390,"Road-550-W Yellow, 48",Bikes,Road Bikes,NEW,0.0,0.0,0.0,0.0,0.0,46.0,30925.524,32801.6708,-1876.1468,-0.06066661311866534,30925.524,-1876.1468,-0.06066661311866534,0.0,0.0,0.0,672.294,713.0798,-40.7858,2.6635030771366432,0.0,0.0,122.5211415482856,-1998.6679415482856,-1876.1468,0.0
563,"Touring-1000 Yellow, 54",Bikes,Touring Bikes,NEW,0.0,0.0,0.0,0.0,0.0,2.0,1525.8048,2963.8758,-1438.071,-0.9424999842705961,1525.8048,-1438.071,-0.9424999842705961,0.0,0.0,0.0,762.9024,1481.9379,-719.0355,2.6635030771366432,0.0,0.0,5.3270061542732865,-1443.3980061542734,-1438.071,0.0
572,"Touring-3000 Yellow, 62",Bikes,Touring Bikes,NEW,0.0,0.0,0.0,0.0,0.0,30.0,8518.4664,13843.344,-5324.8776,-0.6250981514700815,8518.4664,-5324.8776,-0.6250981514700815,0.0,0.0,0.0,283.94888,461.4448,-177.49592,2.6635030771366432,0.0,0.0,79.9050923140993,-5404.782692314099,-5324.8776,0.0
494,"HL Touring Frame - Yellow, 46",Components,Touring Frames,NEW,0.0,0.0,0.0,0.0,0.0,11.0,6625.806,6619.1807,6.6253,0.0009999236319324773,6625.806,6.6253,0.0009999236319324773,0.0,0.0,0.0,602.346,601.7437,0.6023,2.6635030771366432,0.0,0.0,29.298533848503077,-22.673233848503077,6.6253,0.0
480,Patch Kit/8 Patches,Accessories,Tires and Tubes,NEW,0.0,0.0,0.0,0.0,0.0,60.0,82.44,51.39,31.05,0.37663755458515286,82.44,31.05,0.37663755458515286,0.0,0.0,0.0,1.374,0.8565,0.5175,2.6635030771366432,0.0,0.0,159.8101846281986,-128.7601846281986,31.05,0.0
370,"Road-250 Red, 52",Bikes,Road Bikes,CONTINUING,25.0,36650.25,37969.66,-1319.41,-0.03600002728494349,335.0,491113.35,508793.444,-17680.094,-0.03600002728494349,454463.1,-16360.684,0.0,1466.01,1518.7864,-52.7764,1466.01,1518.7864,-52.7764,2.6635030771366432,0.0,0.0,825.6859539123594,-17186.36995391236,-16360.684,0.0
460,"Men's Bib-Shorts, M",Clothing,Bib-Shorts,CONTINUING,105.0,5635.2458,3897.6945,1737.5513,0.3083363817067217,988.0,52729.3077,36675.4492,16053.8585,0.3044579798266534,47094.0619,14316.3072,-0.003878401880068244,53.66900761904762,37.1209,16.54810761904762,53.369744635627534,37.1209,16.24884463562753,2.6635030771366432,-295.6718276190475,0.0,2351.8732171116562,12260.105810507392,14316.3072,-4.02e-14
589,"Mountain-400-W Silver, 42",Bikes,Mountain Bikes,NEW,0.0,0.0,0.0,0.0,0.0,19.0,8772.186,7975.7896,796.3964,0.09078653826993636,8772.186,796.3964,0.09078653826993636,0.0,0.0,0.0,461.694,419.7784,41.9156,2.6635030771366432,0.0,0.0,50.60655846559622,745.7898415344038,796.3964,0.0
466,"Half-Finger Gloves, L",Clothing,Gloves,CONTINUING,13.0,183.6757,126.2768,57.3989,0.31250132706721684,189.0,2670.3621,1835.8704,834.4917,0.31250132706721684,2486.6864,777.0928,0.0,14.1289,9.7136,4.4153,14.1289,9.7136,4.4153,2.6635030771366432,0.0,0.0,468.7765415760492,308.3162584239508,777.0928,0.0
514,Rear Brakes,Components,Brakes,NEW,0.0,0.0,0.0,0.0,0.0,6.0,383.4,283.716,99.684,0.26,383.4,99.684,0.26,0.0,0.0,0.0,63.9,47.286,16.614,2.6635030771366432,0.0,0.0,15.981018462819861,83.70298153718014,99.684,0.0
224,AWC Logo Cap,Clothing,Caps,CONTINUING,149.0,749.6862,779.2253,-29.5391,-0.039401952443569054,1412.0,7161.8434,7384.3364,-222.493,-0.031066443033367638,6412.1572,-192.9539,0.008335509410201418,5.03145100671141,5.2297,-0.1982489932885906,5.072127053824363,5.2297,-0.15757294617563739,2.6635030771366432,57.43457852348992,0.0,3364.0043864235804,-3614.3928649470704,-192.9539,1.448989e-14
307,"HL Mountain Frame - Silver, 38",Components,Mountain Frames,DISCONTINUED,150.0,108389.235,93576.045,14813.19,0.1366666163849205,0.0,0.0,0.0,0.0,0.0,-108389.235,-14813.19,-0.1366666163849205,722.5949,623.8403,98.7546,0.0,0.0,0.0,2.6635030771366432,0.0,0.0,-399.52546157049653,-14413.664538429504,-14813.19,0.0
426,"ML Mountain Frame - Black, 40",Components,Mountain Frames,CONTINUING,9.0,1883.304,1672.3737,210.9303,0.11200013380739382,35.0,7323.96,6503.6755,820.2845,0.11200013380739382,5440.656,609.3542,0.0,209.256,185.8193,23.4367,209.256,185.8193,23.4367,2.6635030771366432,0.0,0.0,69.25108000555272,540.1031199944473,609.3542,0.0
557,ML Crankset,Components,Cranksets,NEW,0.0,0.0,0.0,0.0,0.0,9.0,1385.046,1024.9344,360.1116,0.2599997400808349,1385.046,360.1116,0.2599997400808349,0.0,0.0,0.0,153.894,113.8816,40.0124,2.6635030771366432,0.0,0.0,23.971527694229792,336.1400723057702,360.1116,0.0
414,ML Road Front Wheel,Components,Wheels,CONTINUING,51.0,7600.581,5624.4279,1976.1531,0.26000026840053414,352.0,52458.912,38819.5808,13639.3312,0.26000026840053414,44858.331,11663.1781,0.0,149.031,110.2829,38.7481,149.031,110.2829,38.7481,2.6635030771366432,0.0,0.0,801.7144262181297,10861.463673781871,11663.1781,0.0
368,"Road-250 Red, 44",Bikes,Road Bikes,CONTINUING,48.0,69441.9617,72901.7472,-3459.7855,-0.049822692436985117,540.0,787878.4873,820144.656,-32266.1687,-0.04095322974304543,718436.5256,-28806.3832,0.008869462693939687,1446.7075354166666,1518.7864,-72.07886458333333,1459.0342357407408,1518.7864,-59.75216425925926,2.6635030771366432,6656.418175,0.0,1310.4435139512286,-36773.24488895123,-28806.3832,2.36e-14
490,"Short-Sleeve Classic Jersey, L",Clothing,Jerseys,NEW,0.0,0.0,0.0,0.0,0.0,153.0,4755.0775,6360.5619,-1605.4844,-0.33763580088862905,4755.0775,-1605.4844,-0.33763580088862905,0.0,0.0,0.0,31.078937908496734,41.5723,-10.493362091503268,2.6635030771366432,0.0,0.0,407.51597080190646,-2013.0003708019065,-1605.4844,4e-15
421,HL Mountain Rear Wheel,Components,Wheels,CONTINUING,45.0,8834.805,6537.7575,2297.0475,0.2599997962603589,568.0,111134.4853,82521.028,28613.4573,0.25746695296927785,102299.6803,26316.4098,-0.0025328432910810424,196.329,145.2835,51.0455,195.6593051056338,145.2835,50.3758051056338,2.6635030771366432,-380.3867,0.0,1393.0121093424646,25303.784390657536,26316.4098,9.6e-15
548,Touring Pedal,Components,Pedals,NEW,0.0,0.0,0.0,0.0,0.0,14.0,680.316,503.4344,176.8816,0.2599991768531094,680.316,176.8816,0.2599991768531094,0.0,0.0,0.0,48.594,35.9596,12.6344,2.6635030771366432,0.0,0.0,37.28904307991301,139.592556920087,176.8816,0.0
505,"LL Touring Frame - Blue, 62",Components,Touring Frames,NEW,0.0,0.0,0.0,0.0,0.0,1.0,200.052,199.8519,0.2001,0.0010002399376162197,200.052,0.2001,0.0010002399376162197,0.0,0.0,0.0,200.052,199.8519,0.2001,2.6635030771366432,0.0,0.0,2.6635030771366432,-2.4634030771366433,0.2001,0.0
423,ML Road Rear Wheel,Components,Wheels,CONTINUING,3.0,495.693,366.8127,128.8803,0.26000024208532296,46.0,7600.626,5624.4614,1976.1646,0.26000024208532296,7104.933,1847.2843,0.0,165.231,122.2709,42.9601,165.231,122.2709,42.9601,2.6635030771366432,0.0,0.0,114.53063231687567,1732.7536676831244,1847.2843,0.0
456,"Women's Tights, S",Clothing,Tights,CONTINUING,141.0,6160.0461,4361.6094,1798.4367,0.2919518248410511,1330.0,58355.5985,41141.422,17214.1765,0.2949875751852669,52195.5524,15415.7398,0.00303575034421582,43.68827021276596,30.9334,12.754870212765958,43.87638984962406,30.9334,12.94298984962406,2.6635030771366432,250.19911702127672,0.0,3166.905158715469,11998.635524263254,15415.7398,-7.26e-14
294,"HL Mountain Frame - Silver, 46",Components,Mountain Frames,CONTINUING,4.0,2977.0908,2643.6568,333.434,0.11199994303163344,188.0,139923.2676,124251.8696,15671.398,0.11199994303163344,136946.1768,15337.964,0.0,744.2727,660.9142,83.3585,744.2727,660.9142,83.3585,2.6635030771366432,0.0,0.0,490.0845661931424,14847.879433806858,15337.964,0.0
587,"Mountain-400-W Silver, 38",Bikes,Mountain Bikes,NEW,0.0,0.0,0.0,0.0,0.0,24.0,11080.656,10074.6816,1005.9744,0.09078653826993636,11080.656,1005.9744,0.09078653826993636,0.0,0.0,0.0,461.694,419.7784,41.9156,2.6635030771366432,0.0,0.0,63.924073851279445,942.0503261487206,1005.9744,0.0
565,"Touring-3000 Blue, 54",Bikes,Touring Bikes,NEW,0.0,0.0,0.0,0.0,0.0,20.0,5678.9776,9228.896,-3549.9184,-0.6250981514700815,5678.9776,-3549.9184,-0.6250981514700815,0.0,0.0,0.0,283.94888,461.4448,-177.49592,2.6635030771366432,0.0,0.0,53.27006154273287,-3603.188461542733,-3549.9184,0.0
389,"Road-550-W Yellow, 48",Bikes,Road Bikes,CONTINUING,45.0,27011.8125,27254.214,-242.4015,-0.008973907248911934,548.0,327323.9418,331895.7616,-4571.8198,-0.01396726366809261,300312.1293,-4329.4183,-0.004993356419180675,600.2625,605.6492,-5.3867,597.3064631386861,605.6492,-8.342736861313869,2.6635030771366432,-1619.9082,0.0,1339.7420477997316,-4049.2521477997316,-4329.4183,-7.2e-15
382,"Road-550-W Yellow, 38",Bikes,Road Bikes,NEW,0.0,0.0,0.0,0.0,0.0,30.0,20168.82,21392.394,-1223.574,-0.06066661311866534,20168.82,-1223.574,-0.06066661311866534,0.0,0.0,0.0,672.294,713.0798,-40.7858,2.6635030771366432,0.0,0.0,79.9050923140993,-1303.4790923140993,-1223.574,0.0
262,"LL Road Frame - Red, 44",Components,Road Frames,DISCONTINUED,222.0,40834.2804,40289.8254,544.455,0.013333282591653067,0.0,0.0,0.0,0.0,0.0,-40834.2804,-544.455,-0.013333282591653067,183.9382,181.4857,2.4525,0.0,0.0,0.0,2.6635030771366432,0.0,0.0,-591.2976831243349,46.84268312433483,-544.455,0.0
359,"Mountain-200 Black, 38",Bikes,Mountain Bikes,NEW,0.0,0.0,0.0,0.0,0.0,43.0,59210.742,53835.1959,5375.5461,0.09078667009442307,59210.742,5375.5461,0.09078667009442307,0.0,0.0,0.0,1376.994,1251.9813,125.0127,2.6635030771366432,0.0,0.0,114.53063231687567,5261.015467683124,5375.5461,0.0
266,"LL Road Frame - Red, 52",Components,Road Frames,DISCONTINUED,5.0,919.691,907.4285,12.2625,0.013333282591653067,0.0,0.0,0.0,0.0,0.0,-919.691,-12.2625,-0.013333282591653067,183.9382,181.4857,2.4525,0.0,0.0,0.0,2.6635030771366432,0.0,0.0,-13.317515385683217,1.055015385683217,-12.2625,0.0
235,"Long-Sleeve Logo Jersey, XL",Clothing,Jerseys,DISCONTINUED,342.0,9863.4168,10849.7448,-986.328,-0.09999861305668438,0.0,0.0,0.0,0.0,0.0,-9863.4168,986.328,0.09999861305668438,28.8404,31.7244,-2.884,0.0,0.0,0.0,2.6635030771366432,0.0,0.0,-910.9180523807321,1897.246052380732,986.328,0.0
515,LL Mountain Seat/Saddle,Components,Saddles,NEW,0.0,0.0,0.0,0.0,0.0,24.0,390.528,288.9912,101.5368,0.25999877089478857,390.528,101.5368,0.25999877089478857,0.0,0.0,0.0,16.272,12.0413,4.2307,2.6635030771366432,0.0,0.0,63.924073851279445,37.61272614872056,101.5368,0.0
222,"Sport-100 Helmet, Blue",Accessories,Helmets,NEW,0.0,0.0,0.0,0.0,0.0,126.0,1686.3431,1648.8738,37.4693,0.022219262497649498,1686.3431,37.4693,0.022219262497649498,0.0,0.0,0.0,13.383675396825398,13.0863,0.2973753968253968,2.6635030771366432,0.0,0.0,335.6013877192171,-298.13208771921705,37.4693,-4e-19
571,"Touring-3000 Yellow, 58",Bikes,Touring Bikes,NEW,0.0,0.0,0.0,0.0,0.0,12.0,3407.3866,5537.3376,-2129.951,-0.6250981323927258,3407.3866,-2129.951,-0.6250981323927258,0.0,0.0,0.0,283.94888333333336,461.4448,-177.49591666666666,2.6635030771366432,0.0,0.0,31.962036925639723,-2161.9130369256395,-2129.951,4e-16
345,"Mountain-100 Silver, 42",Bikes,Mountain Bikes,DISCONTINUED,452.0,861073.3075,864293.7888,-3220.4813,-0.003740077960783844,0.0,0.0,0.0,0.0,0.0,-861073.3075,3220.4813,0.003740077960783844,1905.0294413716815,1912.1544,-7.124958628318584,0.0,0.0,0.0,2.6635030771366432,0.0,0.0,-1203.9033908657627,4424.384690865762,3220.4813,-1.32e-14
454,"Men's Sports Shorts, L",Clothing,Shorts,CONTINUING,16.0,575.904,395.9344,179.9696,0.31249930543979554,287.0,10330.278,7102.0733,3228.2047,0.31249930543979554,9754.374,3048.2351,0.0,35.994,24.7459,11.2481,35.994,24.7459,11.2481,2.6635030771366432,0.0,0.0,721.8093339040304,2326.4257660959697,3048.2351,0.0
601,LL Bottom Bracket,Components,Bottom Brackets,NEW,0.0,0.0,0.0,0.0,0.0,10.0,323.94,239.716,84.224,0.25999876520343274,323.94,84.224,0.25999876520343274,0.0,0.0,0.0,32.394,23.9716,8.4224,2.6635030771366432,0.0,0.0,26.635030771366434,57.588969228633566,84.224,0.0
488,"Short-Sleeve Classic Jersey, S",Clothing,Jerseys,NEW,0.0,0.0,0.0,0.0,0.0,94.0,2985.3231,3907.7962,-922.4731,-0.3090027675731314,2985.3231,-922.4731,-0.3090027675731314,0.0,0.0,0.0,31.758756382978724,41.5723,-9.813543617021276,2.6635030771366432,0.0,0.0,250.36928925084447,-1172.8423892508445,-922.4731,4e-16
387,"Road-550-W Yellow, 44",Bikes,Road Bikes,CONTINUING,15.0,9003.9375,9084.738,-80.8005,-0.008973907248911934,257.0,154267.4625,155651.8444,-1384.3819,-0.008973907248911934,145263.525,-1303.5814,0.0,600.2625,605.6492,-5.3867,600.2625,605.6492,-5.3867,2.6635030771366432,0.0,0.0,644.5677446670677,-1948.1491446670677,-1303.5814,0.0
518,LL Road Seat/Saddle,Components,Saddles,NEW,0.0,0.0,0.0,0.0,0.0,1.0,16.272,12.0413,4.2307,0.25999877089478857,16.272,4.2307,0.25999877089478857,0.0,0.0,0.0,16.272,12.0413,4.2307,2.6635030771366432,0.0,0.0,2.6635030771366432,1.5671969228633567,4.2307,0.0
315,"Road-450 Red, 58",Bikes,Road Bikes,DISCONTINUED,408.0,356363.0822,360960.9864,-4597.9042,-0.012902302257615843,0.0,0.0,0.0,0.0,0.0,-356363.0822,4597.9042,0.012902302257615843,873.4389269607843,884.7083,-11.269373039215687,0.0,0.0,0.0,2.6635030771366432,0.0,0.0,-1086.7092554717506,5684.613455471751,4597.9042,-1.04e-14
305,"HL Mountain Frame - Black, 38",Components,Mountain Frames,CONTINUING,9.0,6625.3095,5883.2739,742.0356,0.11200014127641886,186.0,136923.063,121587.6606,15335.4024,0.11200014127641886,130297.7535,14593.3668,0.0,736.1455,653.6971,82.4484,736.1455,653.6971,82.4484,2.6635030771366432,0.0,0.0,471.4400446531859,14121.926755346814,14593.3668,0.0
606,"Road-750 Black, 52",Bikes,Road Bikes,NEW,0.0,0.0,0.0,0.0,0.0,51.0,16318.9298,17526.1296,-1207.1998,-0.07397542699154205,16318.9298,-1207.1998,-0.07397542699154205,0.0,0.0,0.0,319.9790156862745,343.6496,-23.67058431372549,2.6635030771366432,0.0,0.0,135.83865693396882,-1343.0384569339687,-1207.1998,2e-16
319,"Road-450 Red, 52",Bikes,Road Bikes,DISCONTINUED,459.0,401530.446,406081.1097,-4550.6637,-0.011333296753292775,0.0,0.0,0.0,0.0,0.0,-401530.446,4550.6637,0.011333296753292775,874.794,884.7083,-9.9143,0.0,0.0,0.0,2.6635030771366432,0.0,0.0,-1222.5479124057192,5773.211612405719,4550.6637,0.0
230,"Long-Sleeve Logo Jersey, M",Clothing,Jerseys,CONTINUING,86.0,2442.2999,2500.9402,-58.6403,-0.02401027818082456,781.0,22378.5302,22712.0267,-333.4965,-0.0149025202736505,19936.2303,-274.8562,0.009107757907174057,28.39883604651163,29.0807,-0.6818639534883721,28.653687836107554,29.0807,-0.42701216389244556,2.6635030771366432,199.0392476744186,0.0,1851.1346386099672,-2325.0300862843856,-274.8562,8.1489e-15
597,"Mountain-500 Black, 42",Bikes,Mountain Bikes,NEW,0.0,0.0,0.0,0.0,0.0,21.0,6803.874,6186.1737,617.7003,0.09078655777576128,6803.874,617.7003,0.09078655777576128,0.0,0.0,0.0,323.994,294.5797,29.4143,2.6635030771366432,0.0,0.0,55.933564619869514,561.7667353801305,617.7003,0.0
417,"ML Road Frame-W - Yellow, 38",Components,Road Frames,CONTINUING,40.0,12978.108,12004.752,973.356,0.07499983818904882,326.0,105771.5802,97838.7288,7932.8514,0.07499983818904882,92793.4722,6959.4954,0.0,324.4527,300.1188,24.3339,324.4527,300.1188,24.3339,2.6635030771366432,0.0,0.0,761.76188006108,6197.73351993892,6959.4954,0.0
603,HL Bottom Bracket,Components,Bottom Brackets,NEW,0.0,0.0,0.0,0.0,0.0,11.0,801.834,593.3576,208.4764,0.25999945125799107,801.834,208.4764,0.25999945125799107,0.0,0.0,0.0,72.894,53.9416,18.9524,2.6635030771366432,0.0,0.0,29.298533848503077,179.17786615149691,208.4764,0.0
400,ML Mountain Handlebars,Components,Handlebars,NEW,0.0,0.0,0.0,0.0,0.0,32.0,1188.864,879.76,309.104,0.2599994616709733,1188.864,309.104,0.2599994616709733,0.0,0.0,0.0,37.152,27.4925,9.6595,2.6635030771366432,0.0,0.0,85.23209846837258,223.8719015316274,309.104,0.0
429,"ML Road Frame-W - Yellow, 40",Components,Road Frames,CONTINUING,14.0,4542.3378,4201.6632,340.6746,0.07499983818904882,83.0,26929.5741,24909.8604,2019.7137,0.07499983818904882,22387.2363,1679.0391,0.0,324.4527,300.1188,24.3339,324.4527,300.1188,24.3339,2.6635030771366432,0.0,0.0,183.7817123224284,1495.2573876775716,1679.0391,0.0
351,"Mountain-100 Black, 48",Bikes,Mountain Bikes,DISCONTINUED,459.0,852691.2239,871225.3296,-18534.1057,-0.02173601085657896,0.0,0.0,0.0,0.0,0.0,-852691.2239,18534.1057,0.02173601085657896,1857.7150847494554,1898.0944,-40.379315250544664,0.0,0.0,0.0,2.6635030771366432,0.0,0.0,-1222.5479124057192,19756.65361240572,18534.1057,4.3e-15
533,"LL Mountain Frame - Black, 48",Components,Mountain Frames,NEW,0.0,0.0,0.0,0.0,0.0,20.0,2997.48,2735.7,261.78,0.08733336002241883,2997.48,261.78,0.08733336002241883,0.0,0.0,0.0,149.874,136.785,13.089,2.6635030771366432,0.0,0.0,53.27006154273287,208.50993845726714,261.78,0.0
304,"HL Mountain Frame - Black, 38",Components,Mountain Frames,DISCONTINUED,102.0,72899.8386,62936.8662,9962.9724,0.13666659064455047,0.0,0.0,0.0,0.0,0.0,-72899.8386,-9962.9724,-0.13666659064455047,714.7043,617.0281,97.6762,0.0,0.0,0.0,2.6635030771366432,0.0,0.0,-271.67731386793764,-9691.295086132062,-9962.9724,0.0
471,"Classic Vest, S",Clothing,Vests,NEW,0.0,0.0,0.0,0.0,0.0,200.0,6927.431,4749.8,2177.631,0.3143489989290402,6927.431,2177.631,0.3143489989290402,0.0,0.0,0.0,34.637155,23.749,10.888155,2.6635030771366432,0.0,0.0,532.7006154273287,1644.9303845726713,2177.631,0.0
317,"Road-450 Red, 44",Bikes,Road Bikes,DISCONTINUED,236.0,206451.384,208791.1588,-2339.7748,-0.011333296753292775,0.0,0.0,0.0,0.0,0.0,-206451.384,2339.7748,0.011333296753292775,874.794,884.7083,-9.9143,0.0,0.0,0.0,2.6635030771366432,0.0,0.0,-628.5867262042478,2968.3615262042476,2339.7748,0.0
355,"Mountain-200 Silver, 42",Bikes,Mountain Bikes,NEW,0.0,0.0,0.0,0.0,0.0,30.0,41759.82,37968.585,3791.235,0.09078667005748588,41759.82,3791.235,0.09078667005748588,0.0,0.0,0.0,1391.994,1265.6195,126.3745,2.6635030771366432,0.0,0.0,79.9050923140993,3711.3299076859007,3791.235,0.0
363,"Mountain-200 Black, 46",Bikes,Mountain Bikes,NEW,0.0,0.0,0.0,0.0,0.0,22.0,30293.868,27543.5886,2750.2794,0.09078667009442307,30293.868,2750.2794,0.09078667009442307,0.0,0.0,0.0,1376.994,1251.9813,125.0127,2.6635030771366432,0.0,0.0,58.59706769700615,2691.682332302994,2750.2794,0.0
498,"HL Touring Frame - Blue, 50",Components,Touring Frames,NEW,0.0,0.0,0.0,0.0,0.0,10.0,6023.46,6017.437,6.023,0.0009999236319324773,6023.46,6.023,0.0009999236319324773,0.0,0.0,0.0,602.346,601.7437,0.6023,2.6635030771366432,0.0,0.0,26.635030771366434,-20.612030771366435,6.023,0.0
547,HL Road Pedal,Components,Pedals,NEW,0.0,0.0,0.0,0.0,0.0,43.0,2089.542,1546.2628,543.2792,0.2599991768531094,2089.542,543.2792,0.2599991768531094,0.0,0.0,0.0,48.594,35.9596,12.6344,2.6635030771366432,0.0,0.0,114.53063231687567,428.74856768312435,543.2792,0.0
590,"Mountain-400-W Silver, 46",Bikes,Mountain Bikes,NEW,0.0,0.0,0.0,0.0,0.0,18.0,8310.492,7556.0112,754.4808,0.09078653826993636,8310.492,754.4808,0.09078653826993636,0.0,0.0,0.0,461.694,419.7784,41.9156,2.6635030771366432,0.0,0.0,47.943055388459584,706.5377446115405,754.4808,0.0
588,"Mountain-400-W Silver, 40",Bikes,Mountain Bikes,NEW,0.0,0.0,0.0,0.0,0.0,24.0,11080.656,10074.6816,1005.9744,0.09078653826993636,11080.656,1005.9744,0.09078653826993636,0.0,0.0,0.0,461.694,419.7784,41.9156,2.6635030771366432,0.0,0.0,63.924073851279445,942.0503261487206,1005.9744,0.0
243,"HL Road Frame - Red, 44",Components,Road Frames,NEW,0.0,0.0,0.0,0.0,0.0,18.0,15460.2,15635.4156,-175.2156,-0.011333333333333334,15460.2,-175.2156,-0.011333333333333334,0.0,0.0,0.0,858.9,868.6342,-9.7342,2.6635030771366432,0.0,0.0,47.943055388459584,-223.15865538845958,-175.2156,0.0
424,HL Road Rear Wheel,Components,Wheels,CONTINUING,6.0,1285.416,951.2076,334.2084,0.26000018670998337,57.0,12211.452,9036.4722,3174.9798,0.26000018670998337,10926.036,2840.7714,0.0,214.236,158.5346,55.7014,214.236,158.5346,55.7014,2.6635030771366432,0.0,0.0,135.83865693396882,2704.932743066031,2840.7714,0.0
576,"Touring-1000 Blue, 60",Bikes,Touring Bikes,NEW,0.0,0.0,0.0,0.0,0.0,46.0,61920.2581,68169.1434,-6248.8853,-0.10091826958970637,61920.2581,-6248.8853,-0.10091826958970637,0.0,0.0,0.0,1346.0925673913043,1481.9379,-135.84533260869566,2.6635030771366432,0.0,0.0,122.5211415482856,-6371.406441548285,-6248.8853,1.2e-15
236,"Long-Sleeve Logo Jersey, XL",Clothing,Jerseys,CONTINUING,104.0,2964.465,3024.3928,-59.9278,-0.020215384563487846,657.0,18893.4595,19106.0199,-212.5604,-0.011250475329835703,15928.9945,-152.6326,0.008964909233652143,28.504471153846154,29.0807,-0.5762288461538462,28.75716818873668,29.0807,-0.3235318112633181,2.6635030771366432,166.02195192307695,0.0,1472.9172016565637,-1791.5717535796407,-152.63259999999997,-3.862095e-14
459,"Men's Bib-Shorts, S",Clothing,Bib-Shorts,CONTINUING,58.0,3131.652,2153.0122,978.6398,0.31249953698559096,538.0,28946.3994,19971.0442,8975.3552,0.3100681047052781,25814.7474,7996.7154,-0.002431432280312863,53.994,37.1209,16.8731,53.803716356877324,37.1209,16.682816356877325,2.6635030771366432,-102.3726,0.0,1278.481477025589,6820.606522974411,7996.7154,1.08e-14
580,"Road-350-W Yellow, 40",Bikes,Road Bikes,NEW,0.0,0.0,0.0,0.0,0.0,72.0,72730.25,77940.72,-5210.47,-0.07164102969534684,72730.25,-5210.47,-0.07164102969534684,0.0,0.0,0.0,1010.1423611111111,1082.51,-72.36763888888889,2.6635030771366432,0.0,0.0,191.77222155383834,-5402.242221553838,-5210.47,8e-16
509,"LL Touring Frame - Yellow, 58",Components,Touring Frames,NEW,0.0,0.0,0.0,0.0,0.0,4.0,800.208,799.4076,0.8004,0.0010002399376162197,800.208,0.8004,0.0010002399376162197,0.0,0.0,0.0,200.052,199.8519,0.2001,2.6635030771366432,0.0,0.0,10.654012308546573,-9.853612308546573,0.8004,0.0
321,"Road-650 Red, 58",Bikes,Road Bikes,CONTINUING,25.0,11744.85,12167.665,-422.815,-0.036000034057480514,281.0,132012.114,136764.5546,-4752.4406,-0.036000034057480514,120267.264,-4329.6256,0.0,469.794,486.7066,-16.9126,469.794,486.7066,-16.9126,2.6635030771366432,0.0,0.0,681.8567877469807,-5011.482387746981,-4329.6256,0.0
559,Chain,Components,Chains,NEW,0.0,0.0,0.0,0.0,0.0,19.0,230.736,170.7454,59.9906,0.2599967061923584,230.736,59.9906,0.2599967061923584,0.0,0.0,0.0,12.144,8.9866,3.1574,2.6635030771366432,0.0,0.0,50.60655846559622,9.384041534403776,59.9906,0.0
404,LL Road Handlebars,Components,Handlebars,NEW,0.0,0.0,0.0,0.0,0.0,14.0,374.136,276.8612,97.2748,0.2599985032180811,374.136,97.2748,0.2599985032180811,0.0,0.0,0.0,26.724,19.7758,6.9482,2.6635030771366432,0.0,0.0,37.28904307991301,59.98575692008699,97.2748,0.0
467,"Half-Finger Gloves, L",Clothing,Gloves,NEW,0.0,0.0,0.0,0.0,0.0,31.0,455.514,283.9383,171.5757,0.3766639444671294,455.514,171.5757,0.3766639444671294,0.0,0.0,0.0,14.694,9.1593,5.5347,2.6635030771366432,0.0,0.0,82.56859539123595,89.00710460876405,171.5757,0.0
293,"HL Mountain Frame - Silver, 46",Components,Mountain Frames,DISCONTINUED,102.0,73704.6798,63631.7106,10072.9692,0.1366666163849205,0.0,0.0,0.0,0.0,0.0,-73704.6798,-10072.9692,-0.1366666163849205,722.5949,623.8403,98.7546,0.0,0.0,0.0,2.6635030771366432,0.0,0.0,-271.67731386793764,-9801.291886132063,-10072.9692,0.0
241,"HL Road Frame - Red, 44",Components,Road Frames,DISCONTINUED,16.0,12129.2144,11967.4912,161.7232,0.013333361474754704,0.0,0.0,0.0,0.0,0.0,-12129.2144,-161.7232,-0.013333361474754704,758.0759,747.9682,10.1077,0.0,0.0,0.0,2.6635030771366432,0.0,0.0,-42.61604923418629,-119.1071507658137,-161.7232,0.0
267,"LL Road Frame - Red, 52",Components,Road Frames,CONTINUING,18.0,3641.976,3368.8278,273.1482,0.075,49.0,9914.268,9170.6979,743.5701,0.075,6272.292,470.4219,0.0,202.332,187.1571,15.1749,202.332,187.1571,15.1749,2.6635030771366432,0.0,0.0,82.56859539123595,387.85330460876406,470.4219,0.0
567,"Touring-3000 Blue, 62",Bikes,Touring Bikes,NEW,0.0,0.0,0.0,0.0,0.0,7.0,1987.6422,3230.1136,-1242.4714,-0.6250981187660435,1987.6422,-1242.4714,-0.6250981187660435,0.0,0.0,0.0,283.9488857142857,461.4448,-177.4959142857143,2.6635030771366432,0.0,0.0,18.644521539956504,-1261.1159215399566,-1242.4714,-1e-16
362,"Mountain-200 Black, 46",Bikes,Mountain Bikes,CONTINUING,53.0,65161.3217,58607.93,6553.3917,0.1005718043929732,535.0,656271.2284,591608.35,64662.8784,0.09853072266728675,591109.9067,58109.4867,-0.002041081725686451,1229.4589,1105.81,123.6489,1226.675193271028,1105.81,120.86519327102803,2.6635030771366432,-1489.2831,0.0,1283.8084831798622,58314.96131682014,58109.4867,-9e-15
510,"LL Touring Frame - Blue, 44",Components,Touring Frames,NEW,0.0,0.0,0.0,0.0,0.0,2.0,400.104,399.7038,0.4002,0.0010002399376162197,400.104,0.4002,0.0010002399376162197,0.0,0.0,0.0,200.052,199.8519,0.2001,2.6635030771366432,0.0,0.0,5.3270061542732865,-4.926806154273287,0.4002,0.0
570,"Touring-3000 Yellow, 54",Bikes,Touring Bikes,NEW,0.0,0.0,0.0,0.0,0.0,19.0,5395.0288,8767.4512,-3372.4224,-0.6250981273723691,5395.0288,-3372.4224,-0.6250981273723691,0.0,0.0,0.0,283.94888421052633,461.4448,-177.49591578947368,2.6635030771366432,0.0,0.0,50.60655846559622,-3423.028958465596,-3372.4224,-2e-16
582,"Road-350-W Yellow, 44",Bikes,Road Bikes,NEW,0.0,0.0,0.0,0.0,0.0,18.0,18370.692,19485.18,-1114.488,-0.06066663139309069,18370.692,-1114.488,-0.06066663139309069,0.0,0.0,0.0,1020.594,1082.51,-61.916,2.6635030771366432,0.0,0.0,47.943055388459584,-1162.4310553884595,-1114.488,0.0
256,"LL Road Frame - Black, 60",Components,Road Frames,DISCONTINUED,1.0,178.5808,176.1997,2.3811,0.013333460260005555,0.0,0.0,0.0,0.0,0.0,-178.5808,-2.3811,-0.013333460260005555,178.5808,176.1997,2.3811,0.0,0.0,0.0,2.6635030771366432,0.0,0.0,-2.6635030771366432,0.2824030771366434,-2.3811,0.0
275,"ML Road Frame - Red, 48",Components,Road Frames,DISCONTINUED,176.0,62814.048,61976.5344,837.5136,0.013333221256493452,0.0,0.0,0.0,0.0,0.0,-62814.048,-837.5136,-0.013333221256493452,356.898,352.1394,4.7586,0.0,0.0,0.0,2.6635030771366432,0.0,0.0,-468.7765415760492,-368.73705842395077,-837.5136,0.0
234,"Long-Sleeve Logo Jersey, L",Clothing,Jerseys,NEW,0.0,0.0,0.0,0.0,0.0,146.0,4281.1836,5619.8758,-1338.6922,-0.31269207889145423,4281.1836,-1338.6922,-0.31269207889145423,0.0,0.0,0.0,29.323175342465753,38.4923,-9.169124657534246,2.6635030771366432,0.0,0.0,388.8714492619499,-1727.5636492619499,-1338.6922,3.6e-15
497,"HL Touring Frame - Blue, 46",Components,Touring Frames,NEW,0.0,0.0,0.0,0.0,0.0,11.0,6625.806,6619.1807,6.6253,0.0009999236319324773,6625.806,6.6253,0.0009999236319324773,0.0,0.0,0.0,602.346,601.7437,0.6023,2.6635030771366432,0.0,0.0,29.298533848503077,-22.673233848503077,6.6253,0.0
350,"Mountain-100 Black, 44",Bikes,Mountain Bikes,DISCONTINUED,517.0,979303.6361,981314.8048,-2011.1687,-0.0020536722481796573,0.0,0.0,0.0,0.0,0.0,-979303.6361,2011.1687,0.0020536722481796573,1894.2043251450677,1898.0944,-3.8900748549323017,0.0,0.0,0.0,2.6635030771366432,0.0,0.0,-1377.0310908796446,3388.1997908796448,2011.1687,2.11e-14
543,ML Mountain Pedal,Components,Pedals,NEW,0.0,0.0,0.0,0.0,0.0,24.0,894.096,661.632,232.464,0.2599989262897944,894.096,232.464,0.2599989262897944,0.0,0.0,0.0,37.254,27.568,9.686,2.6635030771366432,0.0,0.0,63.924073851279445,168.53992614872055,232.464,0.0
346,"Mountain-100 Silver, 44",Bikes,Mountain Bikes,DISCONTINUED,462.0,883373.8423,883415.3328,-41.4905,-4.696822343298403e-05,0.0,0.0,0.0,0.0,0.0,-883373.8423,41.4905,4.696822343298403e-05,1912.0645937229438,1912.1544,-0.08980627705627706,0.0,0.0,0.0,2.6635030771366432,0.0,0.0,-1230.5384216371292,1272.0289216371293,41.4905,-1.36e-18
411,ML Mountain Front Wheel,Components,Wheels,CONTINUING,27.0,3386.205,2505.7917,880.4133,0.26,181.0,22700.115,16798.0851,5902.0299,0.26,19313.91,5021.6166,0.0,125.415,92.8071,32.6079,125.415,92.8071,32.6079,2.6635030771366432,0.0,0.0,410.1794738790431,4611.437126120957,5021.6166,0.0
220,"Sport-100 Helmet, Blue",Accessories,Helmets,DISCONTINUED,486.0,9798.9441,5845.5108,3953.4333,0.403455031445684,0.0,0.0,0.0,0.0,0.0,-9798.9441,-3953.4333,-0.403455031445684,20.162436419753085,12.0278,8.134636419753086,0.0,0.0,0.0,2.6635030771366432,0.0,0.0,-1294.4624954884086,-2658.9708045115913,-3953.4333,-9.6e-15
394,LL Headset,Components,Headsets,CONTINUING,6.0,123.12,91.1088,32.0112,0.26,68.0,1395.36,1032.5664,362.7936,0.26,1272.24,330.7824,0.0,20.52,15.1848,5.3352,20.52,15.1848,5.3352,2.6635030771366432,0.0,0.0,165.1371907824719,165.6452092175281,330.7824,0.0
436,"ML Road Frame-W - Yellow, 48",Components,Road Frames,NEW,0.0,0.0,0.0,0.0,0.0,27.0,9636.246,9745.4556,-109.2096,-0.011333210048809463,9636.246,-109.2096,-0.011333210048809463,0.0,0.0,0.0,356.898,360.9428,-4.0448,2.6635030771366432,0.0,0.0,71.91458308268938,-181.12418308268937,-109.2096,0.0
385,"Road-550-W Yellow, 42",Bikes,Road Bikes,CONTINUING,29.0,17407.6125,17563.8268,-156.2143,-0.008973907248911934,351.0,210692.1375,212582.8692,-1890.7317,-0.008973907248911934,193284.525,-1734.5174,0.0,600.2625,605.6492,-5.3867,600.2625,605.6492,-5.3867,2.6635030771366432,0.0,0.0,857.6479908379991,-2592.165390837999,-1734.5174,0.0
393,HL Fork,Components,Forks,CONTINUING,4.0,550.776,407.5744,143.2016,0.2599997095007771,315.0,43272.0836,32096.484,11175.5996,0.2582634962370982,42721.3076,11032.398,-0.0017362132636788562,137.694,101.8936,35.8004,137.37169396825396,101.8936,35.478093968253965,2.6635030771366432,-101.52639999999998,0.0,828.349456989496,10305.574943010504,11032.398,-1.45e-14
326,"Road-650 Red, 44",Bikes,Road Bikes,DISCONTINUED,492.0,206373.7788,203267.9796,3105.7992,0.01504938862901705,0.0,0.0,0.0,0.0,0.0,-206373.7788,-3105.7992,-0.01504938862901705,419.4589,413.1463,6.3126,0.0,0.0,0.0,2.6635030771366432,0.0,0.0,-1310.4435139512286,-1795.3556860487715,-3105.7992,0.0
503,"LL Touring Frame - Blue, 54",Components,Touring Frames,NEW,0.0,0.0,0.0,0.0,0.0,11.0,2200.572,2198.3709,2.2011,0.0010002399376162197,2200.572,2.2011,0.0010002399376162197,0.0,0.0,0.0,200.052,199.8519,0.2001,2.6635030771366432,0.0,0.0,29.298533848503077,-27.097433848503076,2.2011,0.0
403,LL Road Handlebars,Components,Handlebars,CONTINUING,10.0,242.945,179.78,63.165,0.2599971186894153,80.0,1943.56,1438.24,505.32,0.2599971186894153,1700.615,442.155,0.0,24.2945,17.978,6.3165,24.2945,17.978,6.3165,2.6635030771366432,0.0,0.0,186.44521539956503,255.70978460043497,442.155,0.0
542,LL Mountain Pedal,Components,Pedals,NEW,0.0,0.0,0.0,0.0,0.0,25.0,607.35,449.44,157.91,0.25999835350292255,607.35,157.91,0.25999835350292255,0.0,0.0,0.0,24.294,17.9776,6.3164,2.6635030771366432,0.0,0.0,66.58757692841608,91.32242307158391,157.91,0.0
276,"ML Road Frame - Red, 52",Components,Road Frames,DISCONTINUED,59.0,21056.982,20776.2246,280.7574,0.013333221256493452,0.0,0.0,0.0,0.0,0.0,-21056.982,-280.7574,-0.013333221256493452,356.898,352.1394,4.7586,0.0,0.0,0.0,2.6635030771366432,0.0,0.0,-157.14668155106196,-123.61071844893804,-280.7574,0.0
579,"Touring-2000 Blue, 54",Bikes,Touring Bikes,NEW,0.0,0.0,0.0,0.0,0.0,36.0,26240.76,27185.4288,-944.6688,-0.036000054876459374,26240.76,-944.6688,-0.036000054876459374,0.0,0.0,0.0,728.91,755.1508,-26.2408,2.6635030771366432,0.0,0.0,95.88611077691917,-1040.554910776919,-944.6688,0.0
574,"Touring-1000 Blue, 50",Bikes,Touring Bikes,NEW,0.0,0.0,0.0,0.0,0.0,20.0,28608.84,29638.758,-1029.918,-0.03599999161098458,28608.84,-1029.918,-0.03599999161098458,0.0,0.0,0.0,1430.442,1481.9379,-51.4959,2.6635030771366432,0.0,0.0,53.27006154273287,-1083.1880615427328,-1029.918,0.0
335,"Road-650 Black, 60",Bikes,Road Bikes,CONTINUING,45.0,21140.73,21901.797,-761.067,-0.036000034057480514,506.0,237443.5967,246273.5396,-8829.9429,-0.03718753852585994,216302.8667,-8068.8759,-0.0011875044683794269,469.794,486.7066,-16.9126,469.25611996047434,486.7066,-17.45048003952569,2.6635030771366432,-272.1673,0.0,1227.8749185599927,-9024.583518559992,-8068.8759,2e-16
585,"Touring-3000 Blue, 44",Bikes,Touring Bikes,NEW,0.0,0.0,0.0,0.0,0.0,13.0,3691.3354,5998.7824,-2307.447,-0.6250981690799486,3691.3354,-2307.447,-0.6250981690799486,0.0,0.0,0.0,283.9488769230769,461.4448,-177.49592307692308,2.6635030771366432,0.0,0.0,34.62554000277636,-2342.0725400027763,-2307.447,-3e-16
378,"Road-250 Black, 52",Bikes,Road Bikes,NEW,0.0,0.0,0.0,0.0,0.0,22.0,32252.22,34208.8538,-1956.6338,-0.06066663938172318,32252.22,-1956.6338,-0.06066663938172318,0.0,0.0,0.0,1466.01,1554.9479,-88.9379,2.6635030771366432,0.0,0.0,58.59706769700615,-2015.2308676970063,-1956.6338,0.0
369,"Road-250 Red, 48",Bikes,Road Bikes,CONTINUING,39.0,57174.39,59232.6696,-2058.2796,-0.03600002728494349,444.0,650059.1315,674341.1616,-24282.0301,-0.03735357127276967,592884.7415,-22223.7505,-0.001353543987826182,1466.01,1518.7864,-52.7764,1464.097143018018,1518.7864,-54.689256981981984,2.6635030771366432,-849.3085,0.0,1078.7187462403406,-22453.16074624034,-22223.7505,8e-15
500,"HL Touring Frame - Blue, 60",Components,Touring Frames,NEW,0.0,0.0,0.0,0.0,0.0,26.0,15660.996,15645.3362,15.6598,0.0009999236319324773,15660.996,15.6598,0.0009999236319324773,0.0,0.0,0.0,602.346,601.7437,0.6023,2.6635030771366432,0.0,0.0,69.25108000555272,-53.591280005552726,15.6598,0.0
245,"HL Road Frame - Red, 48",Components,Road Frames,CONTINUING,8.0,6246.5456,5778.0544,468.4912,0.07500004482477483,31.0,24205.3642,22389.9608,1815.4034,0.07500004482477483,17958.8186,1346.9122,0.0,780.8182,722.2568,58.5614,780.8182,722.2568,58.5614,2.6635030771366432,0.0,0.0,61.2605707741428,1285.6516292258573,1346.9122,0.0
263,"LL Road Frame - Red, 44",Components,Road Frames,CONTINUING,58.0,11618.0383,10855.1118,762.9265,0.06566741133914147,425.0,85863.2262,79541.7675,6321.4587,0.07362242230772363,74245.1879,5558.5322,0.00795501096858215,200.3110051724138,187.1571,13.153905172413793,202.03112047058823,187.1571,14.874020470588235,2.6635030771366432,731.049001724138,0.0,977.5056293091482,3849.977568966714,5558.5322,-2.7e-15
281,"LL Road Frame - Black, 44",Components,Road Frames,NEW,0.0,0.0,0.0,0.0,0.0,13.0,2630.316,2660.1263,-29.8103,-0.011333353102821107,2630.316,-29.8103,-0.011333353102821107,0.0,0.0,0.0,202.332,204.6251,-2.2931,2.6635030771366432,0.0,0.0,34.62554000277636,-64.43584000277636,-29.8103,0.0
596,"Mountain-500 Black, 40",Bikes,Mountain Bikes,NEW,0.0,0.0,0.0,0.0,0.0,18.0,5831.892,5302.4346,529.4574,0.09078655777576128,5831.892,529.4574,0.09078655777576128,0.0,0.0,0.0,323.994,294.5797,29.4143,2.6635030771366432,0.0,0.0,47.943055388459584,481.5143446115404,529.4574,0.0
600,"Mountain-500 Black, 52",Bikes,Mountain Bikes,NEW,0.0,0.0,0.0,0.0,0.0,10.0,3239.94,2945.797,294.143,0.09078655777576128,3239.94,294.143,0.09078655777576128,0.0,0.0,0.0,323.994,294.5797,29.4143,2.6635030771366432,0.0,0.0,26.635030771366434,267.50796922863356,294.143,0.0
534,"LL Mountain Frame - Black, 52",Components,Mountain Frames,NEW,0.0,0.0,0.0,0.0,0.0,1.0,149.874,136.785,13.089,0.08733336002241883,149.874,13.089,0.08733336002241883,0.0,0.0,0.0,149.874,136.785,13.089,2.6635030771366432,0.0,0.0,2.6635030771366432,10.425496922863356,13.089,0.0
516,ML Mountain Seat/Saddle,Components,Saddles,NEW,0.0,0.0,0.0,0.0,0.0,23.0,540.132,399.6986,140.4334,0.25999829671265545,540.132,140.4334,0.25999829671265545,0.0,0.0,0.0,23.484,17.3782,6.1058,2.6635030771366432,0.0,0.0,61.2605707741428,79.1728292258572,140.4334,0.0
396,HL Headset,Components,Headsets,CONTINUING,4.0,299.352,221.5204,77.8316,0.2600002672439135,185.0,13845.03,10245.3185,3599.7115,0.2600002672439135,13545.678,3521.8799,0.0,74.838,55.3801,19.4579,74.838,55.3801,19.4579,2.6635030771366432,0.0,0.0,482.09405696173246,3039.7858430382676,3521.8799,0.0
583,"Road-350-W Yellow, 48",Bikes,Road Bikes,NEW,0.0,0.0,0.0,0.0,0.0,77.0,76596.9405,83353.27,-6756.3295,-0.08820625805543761,76596.9405,-6756.3295,-0.08820625805543761,0.0,0.0,0.0,994.765461038961,1082.51,-87.74453896103896,2.6635030771366432,0.0,0.0,205.08973693952154,-6961.419236939521,-6756.3295,-3e-15
428,"ML Mountain Frame - Black, 48",Components,Mountain Frames,CONTINUING,65.0,13447.3486,12078.2545,1369.0941,0.10181145300271312,622.0,130157.232,115579.6046,14577.6274,0.11200013380739382,116709.8834,13208.5333,0.010188680804680699,206.88228615384617,185.8193,21.062986153846154,209.256,185.8193,23.4367,2.6635030771366432,1476.4500123076923,0.0,1483.5712139651105,10248.512073727197,13208.5333,-3e-15
458,"Women's Tights, L",Clothing,Tights,CONTINUING,138.0,5948.8893,4268.8092,1680.0801,0.2824191231798514,1320.0,58641.2053,40832.088,17809.1173,0.3036963038002222,52692.316,16129.0372,0.021277180620370793,43.10789347826087,30.9334,12.17449347826087,44.42515553030303,30.9334,13.49175553030303,2.6635030771366432,1738.785908695652,0.0,3148.2606371755123,11241.990654128835,16129.0372,8.8e-15
562,"Touring-1000 Yellow, 50",Bikes,Touring Bikes,NEW,0.0,0.0,0.0,0.0,0.0,26.0,19835.4624,38530.3854,-18694.923,-0.9424999842705961,19835.4624,-18694.923,-0.9424999842705961,0.0,0.0,0.0,762.9024,1481.9379,-719.0355,2.6635030771366432,0.0,0.0,69.25108000555272,-18764.174080005552,-18694.923,0.0
219,"Mountain Bike Socks, L",Clothing,Socks,DISCONTINUED,67.0,381.9,227.5521,154.3479,0.4041578947368421,0.0,0.0,0.0,0.0,0.0,-381.9,-154.3479,-0.4041578947368421,5.7,3.3963,2.3037,0.0,0.0,0.0,2.6635030771366432,0.0,0.0,-178.4547061681551,24.106806168155106,-154.3479,0.0
383,"Road-550-W Yellow, 40",Bikes,Road Bikes,CONTINUING,39.0,23410.2375,23620.3188,-210.0813,-0.008973907248911934,475.0,285124.6875,287683.37,-2558.6825,-0.008973907248911934,261714.45,-2348.6012,0.0,600.2625,605.6492,-5.3867,600.2625,605.6492,-5.3867,2.6635030771366432,0.0,0.0,1161.2873416315765,-3509.8885416315766,-2348.6012,0.0
300,"HL Mountain Frame - Black, 48",Components,Mountain Frames,DISCONTINUED,104.0,84215.04,72705.6512,11509.3888,0.13666666666666666,0.0,0.0,0.0,0.0,0.0,-84215.04,-11509.3888,-0.13666666666666666,809.76,699.0928,110.6672,0.0,0.0,0.0,2.6635030771366432,0.0,0.0,-277.0043200222109,-11232.384479977789,-11509.3888,0.0
427,"ML Mountain Frame - Black, 44",Components,Mountain Frames,CONTINUING,30.0,6277.68,5574.579,703.101,0.11200013380739382,424.0,88724.544,78787.3832,9937.1608,0.11200013380739382,82446.864,9234.0598,0.0,209.256,185.8193,23.4367,209.256,185.8193,23.4367,2.6635030771366432,0.0,0.0,1049.4202123918376,8184.639587608162,9234.0598,0.0
257,"LL Road Frame - Black, 60",Components,Road Frames,CONTINUING,16.0,2943.0112,2722.2848,220.7264,0.075000190281301,38.0,6989.6516,6465.4264,524.2252,0.075000190281301,4046.6404,303.4988,0.0,183.9382,170.1428,13.7954,183.9382,170.1428,13.7954,2.6635030771366432,0.0,0.0,58.59706769700615,244.90173230299385,303.4988,0.0
592,"Mountain-500 Silver, 42",Bikes,Mountain Bikes,NEW,0.0,0.0,0.0,0.0,0.0,22.0,7457.868,6780.7938,677.0742,0.09078656259402822,7457.868,677.0742,0.09078656259402822,0.0,0.0,0.0,338.994,308.2179,30.7761,2.6635030771366432,0.0,0.0,58.59706769700615,618.4771323029938,677.0742,0.0
402,HL Mountain Handlebars,Components,Handlebars,NEW,0.0,0.0,0.0,0.0,0.0,23.0,1659.726,1228.1977,431.5283,0.2599997228458191,1659.726,431.5283,0.2599997228458191,0.0,0.0,0.0,72.162,53.3999,18.7621,2.6635030771366432,0.0,0.0,61.2605707741428,370.2677292258572,431.5283,0.0
379,"Road-250 Black, 58",Bikes,Road Bikes,CONTINUING,19.0,24869.8125,25092.9922,-223.1797,-0.008973919686768849,248.0,324616.5,327529.5824,-2913.0824,-0.008973919686768849,299746.6875,-2689.9027,0.0,1308.9375,1320.6838,-11.7463,1308.9375,1320.6838,-11.7463,2.6635030771366432,0.0,0.0,609.9422046642914,-3299.8449046642913,-2689.9027,0.0
517,HL Mountain Seat/Saddle,Components,Saddles,NEW,0.0,0.0,0.0,0.0,0.0,18.0,568.512,420.6996,147.8124,0.2599987335359676,568.512,147.8124,0.2599987335359676,0.0,0.0,0.0,31.584,23.3722,8.2118,2.6635030771366432,0.0,0.0,47.943055388459584,99.86934461154041,147.8124,0.0
365,"Mountain-300 Black, 40",Bikes,Mountain Bikes,CONTINUING,38.0,24248.3675,22740.5452,1507.8223,0.062182425270484704,548.0,354281.6476,327942.5992,26339.0484,0.07434494159781592,330033.2801,24831.2261,0.012162516327331214,638.1149342105264,598.4354,39.67953421052631,646.4993569343065,598.4354,48.06395693430657,2.6635030771366432,4594.663652631579,0.0,1358.386569339688,18878.175878028735,24831.2261,2.4e-14
591,"Mountain-500 Silver, 40",Bikes,Mountain Bikes,NEW,0.0,0.0,0.0,0.0,0.0,26.0,8813.844,8013.6654,800.1786,0.09078656259402822,8813.844,800.1786,0.09078656259402822,0.0,0.0,0.0,338.994,308.2179,30.7761,2.6635030771366432,0.0,0.0,69.25108000555272,730.9275199944473,800.1786,0.0
593,"Mountain-500 Silver, 44",Bikes,Mountain Bikes,NEW,0.0,0.0,0.0,0.0,0.0,15.0,5084.91,4623.2685,461.6415,0.09078656259402822,5084.91,461.6415,0.09078656259402822,0.0,0.0,0.0,338.994,308.2179,30.7761,2.6635030771366432,0.0,0.0,39.95254615704965,421.68895384295035,461.6415,0.0
584,"Road-750 Black, 58",Bikes,Road Bikes,NEW,0.0,0.0,0.0,0.0,0.0,31.0,10043.814,10653.1376,-609.3236,-0.060666555553497904,10043.814,-609.3236,-0.060666555553497904,0.0,0.0,0.0,323.994,343.6496,-19.6556,2.6635030771366432,0.0,0.0,82.56859539123595,-691.892195391236,-609.3236,0.0
246,"HL Road Frame - Red, 48",Components,Road Frames,NEW,0.0,0.0,0.0,0.0,0.0,13.0,11165.7,11292.2446,-126.5446,-0.011333333333333334,11165.7,-126.5446,-0.011333333333333334,0.0,0.0,0.0,858.9,868.6342,-9.7342,2.6635030771366432,0.0,0.0,34.62554000277636,-161.17014000277638,-126.5446,0.0
279,"LL Road Frame - Black, 44",Components,Road Frames,DISCONTINUED,22.0,3928.7776,3876.3934,52.3842,0.013333460260005555,0.0,0.0,0.0,0.0,0.0,-3928.7776,-52.3842,-0.013333460260005555,178.5808,176.1997,2.3811,0.0,0.0,0.0,2.6635030771366432,0.0,0.0,-58.59706769700615,6.212867697006155,-52.3842,0.0
338,"Road-650 Black, 44",Bikes,Road Bikes,DISCONTINUED,229.0,96056.0881,94610.5027,1445.5854,0.01504938862901705,0.0,0.0,0.0,0.0,0.0,-96056.0881,-1445.5854,-0.01504938862901705,419.4589,413.1463,6.3126,0.0,0.0,0.0,2.6635030771366432,0.0,0.0,-609.9422046642914,-835.6431953357087,-1445.5854,0.0
297,"HL Mountain Frame - Black, 42",Components,Mountain Frames,CONTINUING,36.0,26501.238,23533.0956,2968.1424,0.11200014127641886,352.0,259123.216,230101.3792,29021.8368,0.11200014127641886,232621.978,26053.6944,0.0,736.1455,653.6971,82.4484,736.1455,653.6971,82.4484,2.6635030771366432,0.0,0.0,841.6669723751793,25212.02742762482,26053.6944,0.0
532,"LL Mountain Frame - Black, 44",Components,Mountain Frames,NEW,0.0,0.0,0.0,0.0,0.0,40.0,5994.96,5471.4,523.56,0.08733336002241883,5994.96,523.56,0.08733336002241883,0.0,0.0,0.0,149.874,136.785,13.089,2.6635030771366432,0.0,0.0,106.54012308546574,417.0198769145343,523.56,0.0
477,Water Bottle - 30 oz.,Accessories,Bottles and Cages,NEW,0.0,0.0,0.0,0.0,0.0,133.0,368.2246,248.2179,120.0067,0.3259062539547874,368.2246,120.0067,0.3259062539547874,0.0,0.0,0.0,2.768606015037594,1.8663,0.902306015037594,2.6635030771366432,0.0,0.0,354.2459092591736,-234.23920925917358,120.0067,3.2e-19
605,"Road-750 Black, 48",Bikes,Road Bikes,NEW,0.0,0.0,0.0,0.0,0.0,66.0,21383.604,22680.8736,-1297.2696,-0.060666555553497904,21383.604,-1297.2696,-0.060666555553497904,0.0,0.0,0.0,323.994,343.6496,-19.6556,2.6635030771366432,0.0,0.0,175.79120309101847,-1473.0608030910184,-1297.2696,0.0
577,"Touring-2000 Blue, 46",Bikes,Touring Bikes,NEW,0.0,0.0,0.0,0.0,0.0,21.0,15307.11,15858.1668,-551.0568,-0.036000054876459374,15307.11,-551.0568,-0.036000054876459374,0.0,0.0,0.0,728.91,755.1508,-26.2408,2.6635030771366432,0.0,0.0,55.933564619869514,-606.9903646198695,-551.0568,0.0
391,LL Fork,Components,Forks,CONTINUING,8.0,711.456,526.4776,184.9784,0.2599997751090721,128.0,11383.296,8423.6416,2959.6544,0.2599997751090721,10671.84,2774.676,0.0,88.932,65.8097,23.1223,88.932,65.8097,23.1223,2.6635030771366432,0.0,0.0,319.6203692563972,2455.0556307436027,2774.676,0.0
313,"Road-150 Red, 52",Bikes,Road Bikes,DISCONTINUED,134.0,287692.908,290953.4228,-3260.5148,-0.011333316565453883,0.0,0.0,0.0,0.0,0.0,-287692.908,3260.5148,0.011333316565453883,2146.962,2171.2942,-24.3322,0.0,0.0,0.0,2.6635030771366432,0.0,0.0,-356.9094123363102,3617.42421233631,3260.5148,0.0
367,"Mountain-300 Black, 48",Bikes,Mountain Bikes,CONTINUING,50.0,32399.7,29921.77,2477.93,0.07648002913607224,524.0,339105.1961,313580.1496,25525.0465,0.07527176461334088,306705.4961,23047.1165,-0.001208264522731367,647.994,598.4354,49.5586,647.1473208015267,598.4354,48.711920801526716,2.6635030771366432,-443.6599,0.0,1262.500458562769,22228.27594143723,23047.1165,-2.24e-14
578,"Touring-2000 Blue, 50",Bikes,Touring Bikes,NEW,0.0,0.0,0.0,0.0,0.0,4.0,2915.64,3020.6032,-104.9632,-0.036000054876459374,2915.64,-104.9632,-0.036000054876459374,0.0,0.0,0.0,728.91,755.1508,-26.2408,2.6635030771366432,0.0,0.0,10.654012308546573,-115.61721230854657,-104.9632,0.0
492,"HL Touring Frame - Yellow, 60",Components,Touring Frames,NEW,0.0,0.0,0.0,0.0,0.0,24.0,14456.304,14441.8488,14.4552,0.0009999236319324773,14456.304,14.4552,0.0009999236319324773,0.0,0.0,0.0,602.346,601.7437,0.6023,2.6635030771366432,0.0,0.0,63.924073851279445,-49.46887385127944,14.4552,0.0
329,"Road-650 Red, 48",Bikes,Road Bikes,CONTINUING,93.0,42211.539,45263.7138,-3052.1748,-0.07230664582023413,845.0,395028.8688,411267.077,-16238.2082,-0.04110638356464342,352817.3298,-13186.0334,0.031200262255590715,453.88751612903224,486.7066,-32.819083870967745,467.4897855621302,486.7066,-19.21681443786982,2.6635030771366432,11493.917670967741,0.0,2002.9543140067558,-26682.905384974496,-13186.0334,1.58e-14
399,ML Mountain Handlebars,Components,Handlebars,CONTINUING,43.0,1452.3035,1074.7076,377.5959,0.2599979274304579,488.0,16481.956,12196.6816,4285.2744,0.2599979274304579,15029.6525,3907.6785,0.0,33.7745,24.9932,8.7813,33.7745,24.9932,8.7813,2.6635030771366432,0.0,0.0,1185.2588693258062,2722.4196306741937,3907.6785,0.0
501,Rear Derailleur,Components,Derailleurs,NEW,0.0,0.0,0.0,0.0,0.0,10.0,728.76,539.282,189.478,0.2600005488775454,728.76,189.478,0.2600005488775454,0.0,0.0,0.0,72.876,53.9282,18.9478,2.6635030771366432,0.0,0.0,26.635030771366434,162.84296922863356,189.478,0.0
545,LL Road Pedal,Components,Pedals,NEW,0.0,0.0,0.0,0.0,0.0,65.0,1579.11,1168.544,410.566,0.25999835350292255,1579.11,410.566,0.25999835350292255,0.0,0.0,0.0,24.294,17.9776,6.3164,2.6635030771366432,0.0,0.0,173.12770001388182,237.43829998611818,410.566,0.0
453,"Men's Sports Shorts, M",Clothing,Shorts,CONTINUING,96.0,3413.719,2375.6064,1038.1126,0.30410019102333846,793.0,28313.1324,19623.4987,8689.6337,0.30691177426910204,24899.4134,7651.5211,0.002811583245763589,35.55957291666667,24.7459,10.813672916666667,35.70382395964691,24.7459,10.95792395964691,2.6635030771366432,114.39107708333333,0.0,1856.4616447642404,5680.668378152426,7651.5211,-2.33e-14
433,"ML Road Frame-W - Yellow, 44",Components,Road Frames,CONTINUING,66.0,21413.8782,19807.8408,1606.0374,0.07499983818904882,503.0,163199.7081,150959.7564,12239.9517,0.07499983818904882,141785.8299,10633.9143,0.0,324.4527,300.1188,24.3339,324.4527,300.1188,24.3339,2.6635030771366432,0.0,0.0,1163.9508447087132,9469.963455291287,10633.9143,0.0
481,"Racing Socks, M",Clothing,Socks,NEW,0.0,0.0,0.0,0.0,0.0,74.0,395.1788,248.8102,146.3686,0.3703857595599764,395.1788,146.3686,0.3703857595599764,0.0,0.0,0.0,5.340254054054054,3.3623,1.9779540540540541,2.6635030771366432,0.0,0.0,197.0992277081116,-50.730627708111605,146.36860000000001,-3.4e-15
560,"Touring-2000 Blue, 60",Bikes,Touring Bikes,NEW,0.0,0.0,0.0,0.0,0.0,38.0,27237.9089,28695.7304,-1457.8215,-0.05352178485331523,27237.9089,-1457.8215,-0.05352178485331523,0.0,0.0,0.0,716.7870763157895,755.1508,-38.36372368421053,2.6635030771366432,0.0,0.0,101.21311693119245,-1559.0346169311924,-1457.8215,-6e-16
546,ML Road Pedal,Components,Pedals,NEW,0.0,0.0,0.0,0.0,0.0,39.0,1452.906,1075.152,377.754,0.2599989262897944,1452.906,377.754,0.2599989262897944,0.0,0.0,0.0,37.254,27.568,9.686,2.6635030771366432,0.0,0.0,103.8766200083291,273.8773799916709,377.754,0.0
334,"Road-650 Black, 60",Bikes,Road Bikes,DISCONTINUED,237.0,99411.7593,97915.6731,1496.0862,0.01504938862901705,0.0,0.0,0.0,0.0,0.0,-99411.7593,-1496.0862,-0.01504938862901705,419.4589,413.1463,6.3126,0.0,0.0,0.0,2.6635030771366432,0.0,0.0,-631.2502292813845,-864.8359707186155,-1496.0862,0.0
599,"Mountain-500 Black, 48",Bikes,Mountain Bikes,NEW,0.0,0.0,0.0,0.0,0.0,19.0,6155.886,5597.0143,558.8717,0.09078655777576128,6155.886,558.8717,0.09078655777576128,0.0,0.0,0.0,323.994,294.5797,29.4143,2.6635030771366432,0.0,0.0,50.60655846559622,508.26514153440377,558.8717,0.0
495,"HL Touring Frame - Yellow, 50",Components,Touring Frames,NEW,0.0,0.0,0.0,0.0,0.0,12.0,7228.152,7220.9244,7.2276,0.0009999236319324773,7228.152,7.2276,0.0009999236319324773,0.0,0.0,0.0,602.346,601.7437,0.6023,2.6635030771366432,0.0,0.0,31.962036925639723,-24.73443692563972,7.2276,0.0
347,"Mountain-100 Silver, 48",Bikes,Mountain Bikes,DISCONTINUED,402.0,775452.7195,768686.0688,6766.6507,0.008726064826186994,0.0,0.0,0.0,0.0,0.0,-775452.7195,-6766.6507,-0.008726064826186994,1928.9868644278606,1912.1544,16.832464427860696,0.0,0.0,0.0,2.6635030771366432,0.0,0.0,-1070.7282370089306,-5695.92246299107,-6766.6507,-7e-15
237,"Long-Sleeve Logo Jersey, XL",Clothing,Jerseys,NEW,0.0,0.0,0.0,0.0,0.0,85.0,2532.1135,3271.8455,-739.732,-0.2921401430070177,2532.1135,-739.732,-0.2921401430070177,0.0,0.0,0.0,29.789570588235293,38.4923,-8.702729411764706,2.6635030771366432,0.0,0.0,226.39776155661468,-966.1297615566147,-739.732,1.5e-15
558,HL Crankset,Components,Cranksets,NEW,0.0,0.0,0.0,0.0,0.0,13.0,3158.922,2337.6028,821.3192,0.259999835386882,3158.922,821.3192,0.259999835386882,0.0,0.0,0.0,242.994,179.8156,63.1784,2.6635030771366432,0.0,0.0,34.62554000277636,786.6936599972237,821.3192,0.0
442,"HL Road Frame - Black, 48",Components,Road Frames,NEW,0.0,0.0,0.0,0.0,0.0,12.0,10306.8,10423.6104,-116.8104,-0.011333333333333334,10306.8,-116.8104,-0.011333333333333334,0.0,0.0,0.0,858.9,868.6342,-9.7342,2.6635030771366432,0.0,0.0,31.962036925639723,-148.7724369256397,-116.8104,0.0
330,"Road-650 Red, 52",Bikes,Road Bikes,DISCONTINUED,232.0,97314.4648,95849.9416,1464.5232,0.01504938862901705,0.0,0.0,0.0,0.0,0.0,-97314.4648,-1464.5232,-0.01504938862901705,419.4589,413.1463,6.3126,0.0,0.0,0.0,2.6635030771366432,0.0,0.0,-617.9327138957012,-846.5904861042987,-1464.5232,0.0
561,"Touring-1000 Yellow, 46",Bikes,Touring Bikes,NEW,0.0,0.0,0.0,0.0,0.0,55.0,41959.632,81506.5845,-39546.9525,-0.9424999842705961,41959.632,-39546.9525,-0.9424999842705961,0.0,0.0,0.0,762.9024,1481.9379,-719.0355,2.6635030771366432,0.0,0.0,146.49266924251538,-39693.445169242514,-39546.9525,0.0
493,"LL Touring Frame - Yellow, 62",Components,Touring Frames,NEW,0.0,0.0,0.0,0.0,0.0,33.0,6110.7551,6595.1127,-484.3576,-0.07926313394559045,6110.7551,-484.3576,-0.07926313394559045,0.0,0.0,0.0,185.17439696969697,199.8519,-14.677503030303031,2.6635030771366432,0.0,0.0,87.89560154550924,-572.2532015455092,-484.3576,-1e-16
323,"Road-650 Red, 60",Bikes,Road Bikes,CONTINUING,81.0,36603.4514,39423.2346,-2819.7832,-0.07703599229443156,1003.0,462610.3801,488166.7198,-25556.3397,-0.05524376624336796,426006.9287,-22736.5565,0.0217922260510636,451.8944617283951,486.7066,-34.81213827160494,461.2267,486.7066,-25.4799,2.6635030771366432,9360.234986419753,0.0,2455.7498371199854,-34552.541323539735,-22736.5565,-2.3e-15
231,"Long-Sleeve Logo Jersey, M",Clothing,Jerseys,NEW,0.0,0.0,0.0,0.0,0.0,116.0,3340.6267,4465.1068,-1124.4801,-0.3366075293596857,3340.6267,-1124.4801,-0.3366075293596857,0.0,0.0,0.0,28.79850603448276,38.4923,-9.69379396551724,2.6635030771366432,0.0,0.0,308.9663569478506,-1433.4464569478507,-1124.4801,2.4e-15
418,"ML Road Frame-W - Yellow, 38",Components,Road Frames,NEW,0.0,0.0,0.0,0.0,0.0,28.0,9993.144,10106.3984,-113.2544,-0.011333210048809463,9993.144,-113.2544,-0.011333210048809463,0.0,0.0,0.0,356.898,360.9428,-4.0448,2.6635030771366432,0.0,0.0,74.57808615982601,-187.832486159826,-113.2544,0.0
312,"Road-150 Red, 48",Bikes,Road Bikes,DISCONTINUED,131.0,281252.022,284439.5402,-3187.5182,-0.011333316565453883,0.0,0.0,0.0,0.0,0.0,-281252.022,3187.5182,0.011333316565453883,2146.962,2171.2942,-24.3322,0.0,0.0,0.0,2.6635030771366432,0.0,0.0,-348.91890310490027,3536.4371031049004,3187.5182,0.0
586,"Touring-3000 Blue, 50",Bikes,Touring Bikes,NEW,0.0,0.0,0.0,0.0,0.0,46.0,13061.6484,21226.4608,-8164.8124,-0.6250981614234846,13061.6484,-8164.8124,-0.6250981614234846,0.0,0.0,0.0,283.94887826086955,461.4448,-177.49592173913044,2.6635030771366432,0.0,0.0,122.5211415482856,-8287.333541548285,-8164.8124,8e-16
332,"Road-650 Black, 58",Bikes,Road Bikes,DISCONTINUED,391.0,164008.4299,161540.2033,2468.2266,0.01504938862901705,0.0,0.0,0.0,0.0,0.0,-164008.4299,-2468.2266,-0.01504938862901705,419.4589,413.1463,6.3126,0.0,0.0,0.0,2.6635030771366432,0.0,0.0,-1041.4297031604276,-1426.7968968395724,-2468.2266,0.0
322,"Road-650 Red, 60",Bikes,Road Bikes,DISCONTINUED,482.0,201936.184,199136.5166,2799.6674,0.013864119567595671,0.0,0.0,0.0,0.0,0.0,-201936.184,-2799.6674,-0.013864119567595671,418.9547385892116,413.1463,5.808438589211618,0.0,0.0,0.0,2.6635030771366432,0.0,0.0,-1283.8084831798622,-1515.858916820138,-2799.6674,2.06e-14
258,"LL Road Frame - Black, 60",Components,Road Frames,NEW,0.0,0.0,0.0,0.0,0.0,12.0,2427.984,2455.5012,-27.5172,-0.011333353102821107,2427.984,-27.5172,-0.011333353102821107,0.0,0.0,0.0,202.332,204.6251,-2.2931,2.6635030771366432,0.0,0.0,31.962036925639723,-59.47923692563972,-27.5172,0.0
482,"Racing Socks, L",Clothing,Socks,NEW,0.0,0.0,0.0,0.0,0.0,131.0,681.8843,440.4613,241.423,0.3540527329929726,681.8843,241.423,0.3540527329929726,0.0,0.0,0.0,5.205223664122137,3.3623,1.8429236641221374,2.6635030771366432,0.0,0.0,348.91890310490027,-107.4959031049003,241.423,6e-16
397,LL Mountain Handlebars,Components,Handlebars,CONTINUING,32.0,777.424,575.296,202.128,0.2599971186894153,255.0,6195.0975,4584.39,1610.7075,0.2599971186894153,5417.6735,1408.5795,0.0,24.2945,17.978,6.3165,24.2945,17.978,6.3165,2.6635030771366432,0.0,0.0,593.9611862014715,814.6183137985286,1408.5795,0.0
513,"ML Mountain Frame-W - Silver, 46",Components,Mountain Frames,NEW,0.0,0.0,0.0,0.0,0.0,16.0,3495.264,3190.0112,305.2528,0.08733326009136935,3495.264,305.2528,0.08733326009136935,0.0,0.0,0.0,218.454,199.3757,19.0783,2.6635030771366432,0.0,0.0,42.61604923418629,262.6367507658137,305.2528,0.0
604,"Road-750 Black, 44",Bikes,Road Bikes,NEW,0.0,0.0,0.0,0.0,0.0,11.0,3563.934,3780.1456,-216.2116,-0.060666555553497904,3563.934,-216.2116,-0.060666555553497904,0.0,0.0,0.0,323.994,343.6496,-19.6556,2.6635030771366432,0.0,0.0,29.298533848503077,-245.51013384850307,-216.2116,0.0
320,"Road-650 Red, 58",Bikes,Road Bikes,DISCONTINUED,134.0,56207.4926,55361.6042,845.8884,0.01504938862901705,0.0,0.0,0.0,0.0,0.0,-56207.4926,-845.8884,-0.01504938862901705,419.4589,413.1463,6.3126,0.0,0.0,0.0,2.6635030771366432,0.0,0.0,-356.9094123363102,-488.9789876636898,-845.8884,0.0
566,"Touring-3000 Blue, 58",Bikes,Touring Bikes,NEW,0.0,0.0,0.0,0.0,0.0,22.0,6246.8753,10151.7856,-3904.9103,-0.6250981670788274,6246.8753,-3904.9103,-0.6250981670788274,0.0,0.0,0.0,283.94887727272726,461.4448,-177.49592272727273,2.6635030771366432,0.0,0.0,58.59706769700615,-3963.507367697006,-3904.9103,6e-16
506,"LL Touring Frame - Yellow, 44",Components,Touring Frames,NEW,0.0,0.0,0.0,0.0,0.0,18.0,3600.936,3597.3342,3.6018,0.0010002399376162197,3600.936,3.6018,0.0010002399376162197,0.0,0.0,0.0,200.052,199.8519,0.2001,2.6635030771366432,0.0,0.0,47.943055388459584,-44.34125538845958,3.6018,0.0
568,"Touring-3000 Yellow, 44",Bikes,Touring Bikes,NEW,0.0,0.0,0.0,0.0,0.0,29.0,8234.5175,13381.8992,-5147.3817,-0.6250981554171207,8234.5175,-5147.3817,-0.6250981554171207,0.0,0.0,0.0,283.9488793103448,461.4448,-177.49592068965518,2.6635030771366432,0.0,0.0,77.24158923696265,-5224.623289236963,-5147.3817,-4e-16
349,"Mountain-100 Black, 42",Bikes,Mountain Bikes,DISCONTINUED,481.0,894484.7373,912983.4064,-18498.6691,-0.020680810223591056,0.0,0.0,0.0,0.0,0.0,-894484.7373,18498.6691,0.020680810223591056,1859.6356284823285,1898.0944,-38.458771517671515,0.0,0.0,0.0,2.6635030771366432,0.0,0.0,-1281.1449801027254,19779.814080102726,18498.6691,-1.37e-14
324,"Road-650 Red, 62",Bikes,Road Bikes,DISCONTINUED,409.0,171558.6901,168976.8367,2581.8534,0.01504938862901705,0.0,0.0,0.0,0.0,0.0,-171558.6901,-2581.8534,-0.01504938862901705,419.4589,413.1463,6.3126,0.0,0.0,0.0,2.6635030771366432,0.0,0.0,-1089.372758548887,-1492.480641451113,-2581.8534,0.0
298,"HL Mountain Frame - Black, 42",Components,Mountain Frames,NEW,0.0,0.0,0.0,0.0,0.0,25.0,20244.0,18476.025,1767.975,0.08733328393598103,20244.0,1767.975,0.08733328393598103,0.0,0.0,0.0,809.76,739.041,70.719,2.6635030771366432,0.0,0.0,66.58757692841608,1701.387423071584,1767.975,0.0
462,"Half-Finger Gloves, S",Clothing,Gloves,CONTINUING,27.0,381.4803,262.2672,119.2131,0.31250132706721684,329.0,4639.4782,3195.7744,1443.7038,0.31117805446310753,4257.9979,1324.4907,-0.0013232726041093287,14.1289,9.7136,4.4153,14.101757446808511,9.7136,4.388157446808511,2.6635030771366432,-8.929900000000012,0.0,804.3779292952663,529.0426707047337,1324.4907,1.26e-14
337,"Road-650 Black, 62",Bikes,Road Bikes,CONTINUING,22.0,10335.468,10707.5452,-372.0772,-0.036000034057480514,302.0,141877.788,146985.3932,-5107.6052,-0.036000034057480514,131542.32,-4735.528,0.0,469.794,486.7066,-16.9126,469.794,486.7066,-16.9126,2.6635030771366432,0.0,0.0,745.7808615982601,-5481.308861598261,-4735.528,0.0
358,"Mountain-200 Black, 38",Bikes,Mountain Bikes,CONTINUING,63.0,77455.9107,69666.03,7789.8807,0.1005718043929732,812.0,997414.1066,897917.72,99496.3866,0.09975434069121476,919958.1959,91706.5059,-0.0008174637017584378,1229.4589,1105.81,123.6489,1228.3424958128078,1105.81,122.53249581280788,2.6635030771366432,-906.5201999999999,0.0,1994.9638047753458,90618.06229522465,91706.5059,-2.16e-14
523,HL Touring Seat/Saddle,Components,Saddles,NEW,0.0,0.0,0.0,0.0,0.0,11.0,347.424,257.0942,90.3298,0.2599987335359676,347.424,90.3298,0.2599987335359676,0.0,0.0,0.0,31.584,23.3722,8.2118,2.6635030771366432,0.0,0.0,29.298533848503077,61.03126615149692,90.3298,0.0
555,Front Brakes,Components,Brakes,NEW,0.0,0.0,0.0,0.0,0.0,28.0,1789.2,1324.008,465.192,0.26,1789.2,465.192,0.26,0.0,0.0,0.0,63.9,47.286,16.614,2.6635030771366432,0.0,0.0,74.57808615982601,390.613913840174,465.192,0.0
395,ML Headset,Components,Headsets,CONTINUING,3.0,184.122,136.2504,47.8716,0.2599993482582201,446.0,27191.3211,20255.8928,6935.4283,0.2550603655664233,27007.1991,6887.5567,-0.004938982691796769,61.374,45.4168,15.9572,60.96708766816143,45.4168,15.550287668161435,2.6635030771366432,-181.4829,0.0,1179.931863171533,5889.107736828467,6887.5567,-1e-14
380,"Road-250 Black, 58",Bikes,Road Bikes,NEW,0.0,0.0,0.0,0.0,0.0,11.0,16126.11,17104.4269,-978.3169,-0.06066663938172318,16126.11,-978.3169,-0.06066663938172318,0.0,0.0,0.0,1466.01,1554.9479,-88.9379,2.6635030771366432,0.0,0.0,29.298533848503077,-1007.6154338485031,-978.3169,0.0
409,"ML Mountain Frame - Black, 38",Components,Mountain Frames,CONTINUING,29.0,6068.424,5388.7597,679.6643,0.11200013380739382,368.0,77006.208,68381.5024,8624.7056,0.11200013380739382,70937.784,7945.0413,0.0,209.256,185.8193,23.4367,209.256,185.8193,23.4367,2.6635030771366432,0.0,0.0,902.9275431493221,7042.113756850678,7945.0413,0.0
415,HL Road Front Wheel,Components,Wheels,CONTINUING,50.0,9901.8,7327.33,2574.47,0.26000020198347773,390.0,77234.04,57153.174,20080.866,0.26000020198347773,67332.24,17506.396,0.0,198.036,146.5466,51.4894,198.036,146.5466,51.4894,2.6635030771366432,0.0,0.0,905.5910462264587,16600.804953773542,17506.396,0.0
564,"Touring-1000 Yellow, 60",Bikes,Touring Bikes,NEW,0.0,0.0,0.0,0.0,0.0,27.0,20598.3648,40012.3233,-19413.9585,-0.9424999842705961,20598.3648,-19413.9585,-0.9424999842705961,0.0,0.0,0.0,762.9024,1481.9379,-719.0355,2.6635030771366432,0.0,0.0,71.91458308268938,-19485.87308308269,-19413.9585,0.0
522,ML Touring Seat/Saddle,Components,Saddles,NEW,0.0,0.0,0.0,0.0,0.0,8.0,187.872,139.0256,48.8464,0.25999829671265545,187.872,48.8464,0.25999829671265545,0.0,0.0,0.0,23.484,17.3782,6.1058,2.6635030771366432,0.0,0.0,21.308024617093146,27.538375382906853,48.8464,0.0
316,"Road-450 Red, 60",Bikes,Road Bikes,DISCONTINUED,244.0,213449.736,215868.8252,-2419.0892,-0.011333296753292775,0.0,0.0,0.0,0.0,0.0,-213449.736,2419.0892,0.011333296753292775,874.794,884.7083,-9.9143,0.0,0.0,0.0,2.6635030771366432,0.0,0.0,-649.894750821341,3068.983950821341,2419.0892,0.0
484,Bike Wash - Dissolver,Accessories,Cleaners,NEW,0.0,0.0,0.0,0.0,0.0,159.0,715.9778,472.7547,243.2231,0.33970759987251004,715.9778,243.2231,0.33970759987251004,0.0,0.0,0.0,4.503005031446541,2.9733,1.5297050314465408,2.6635030771366432,0.0,0.0,423.4969892647263,-180.2738892647263,243.22310000000002,-3.1e-15
554,HL Touring Handlebars,Components,Handlebars,NEW,0.0,0.0,0.0,0.0,0.0,14.0,769.188,569.1994,199.9886,0.2599996359797605,769.188,199.9886,0.2599996359797605,0.0,0.0,0.0,54.942,40.6571,14.2849,2.6635030771366432,0.0,0.0,37.28904307991301,162.699556920087,199.9886,0.0
448,Minipump,Accessories,Pumps,CONTINUING,73.0,868.6135,601.9507,266.6628,0.3069982218788909,705.0,8439.3462,5813.3595,2625.9867,0.31115996876630087,7570.7327,2359.3239,0.004161746887409979,11.898815068493152,8.2459,3.652915068493151,11.970703829787235,8.2459,3.724803829787234,2.6635030771366432,50.68157671232873,0.0,1683.3339447503586,625.3083785373126,2359.3239,3.11e-14
215,"Sport-100 Helmet, Black",Accessories,Helmets,DISCONTINUED,424.0,8559.076,5099.7872,3459.2888,0.4041661506452332,0.0,0.0,0.0,0.0,0.0,-8559.076,-3459.2888,-0.4041661506452332,20.1865,12.0278,8.1587,0.0,0.0,0.0,2.6635030771366432,0.0,0.0,-1129.3253047059368,-2329.9634952940633,-3459.2888,0.0
512,"ML Mountain Frame-W - Silver, 42",Components,Mountain Frames,NEW,0.0,0.0,0.0,0.0,0.0,35.0,7645.89,6978.1495,667.7405,0.08733326009136935,7645.89,667.7405,0.08733326009136935,0.0,0.0,0.0,218.454,199.3757,19.0783,2.6635030771366432,0.0,0.0,93.22260769978251,574.5178923002175,667.7405,0.0
470,"Full-Finger Gloves, L",Clothing,Gloves,CONTINUING,308.0,5802.6839,4826.6372,976.0467,0.1682060778806166,2153.0,44633.3912,33739.4477,10893.9435,0.2440760875906736,38830.7073,9917.8968,0.075870009710057,18.839882792207792,15.6709,3.168982792207792,20.7307901532745,15.6709,5.059890153274501,2.6635030771366432,4071.1235483766236,0.0,4914.1631773171075,932.6100743062696,9917.8968,-9.5e-15
499,"HL Touring Frame - Blue, 54",Components,Touring Frames,NEW,0.0,0.0,0.0,0.0,0.0,37.0,20497.3324,22264.5169,-1767.1845,-0.08621534088016253,20497.3324,-1767.1845,-0.08621534088016253,0.0,0.0,0.0,553.9819567567567,601.7437,-47.761743243243245,2.6635030771366432,0.0,0.0,98.5496138540558,-1865.7341138540557,-1767.1845,-1.6e-15
524,"LL Mountain Frame - Silver, 42",Components,Mountain Frames,NEW,0.0,0.0,0.0,0.0,0.0,26.0,4119.18,3759.4388,359.7412,0.08733320709461592,4119.18,359.7412,0.08733320709461592,0.0,0.0,0.0,158.43,144.5938,13.8362,2.6635030771366432,0.0,0.0,69.25108000555272,290.4901199944473,359.7412,0.0
225,AWC Logo Cap,Clothing,Caps,NEW,0.0,0.0,0.0,0.0,0.0,157.0,774.0031,1086.8011,-312.798,-0.40413016433655113,774.0031,-312.798,-0.40413016433655113,0.0,0.0,0.0,4.929956050955414,6.9223,-1.992343949044586,2.6635030771366432,0.0,0.0,418.169983110453,-730.967983110453,-312.798,2e-15
311,"Road-150 Red, 44",Bikes,Road Bikes,DISCONTINUED,138.0,296280.756,299638.5996,-3357.8436,-0.011333316565453883,0.0,0.0,0.0,0.0,0.0,-296280.756,3357.8436,0.011333316565453883,2146.962,2171.2942,-24.3322,0.0,0.0,0.0,2.6635030771366432,0.0,0.0,-367.5634246448568,3725.407024644857,3357.8436,0.0
353,"Mountain-200 Silver, 38",Bikes,Mountain Bikes,NEW,0.0,0.0,0.0,0.0,0.0,36.0,50111.784,45562.302,4549.482,0.09078667005748588,50111.784,4549.482,0.09078667005748588,0.0,0.0,0.0,1391.994,1265.6195,126.3745,2.6635030771366432,0.0,0.0,95.88611077691917,4453.595889223081,4549.482,0.0
331,"Road-650 Red, 52",Bikes,Road Bikes,CONTINUING,36.0,16912.584,17521.4376,-608.8536,-0.036000034057480514,502.0,235836.588,244326.7132,-8490.1252,-0.036000034057480514,218924.004,-7881.2716,0.0,469.794,486.7066,-16.9126,469.794,486.7066,-16.9126,2.6635030771366432,0.0,0.0,1241.192433945676,-9122.464033945676,-7881.2716,0.0
339,"Road-650 Black, 44",Bikes,Road Bikes,CONTINUING,50.0,23489.7,24335.33,-845.63,-0.036000034057480514,482.0,226143.7982,234592.5812,-8448.783,-0.037360224190309016,202654.0982,-7603.153,-0.001360190132828501,469.794,486.7066,-16.9126,469.17800456431536,486.7066,-17.528595435684647,2.6635030771366432,-296.9098,0.0,1150.63332932303,-8456.87652932303,-7603.153,-1.4e-15
430,"ML Road Frame-W - Yellow, 40",Components,Road Frames,NEW,0.0,0.0,0.0,0.0,0.0,14.0,4996.572,5053.1992,-56.6272,-0.011333210048809463,4996.572,-56.6272,-0.011333210048809463,0.0,0.0,0.0,356.898,360.9428,-4.0448,2.6635030771366432,0.0,0.0,37.28904307991301,-93.916243079913,-56.6272,0.0
352,"Mountain-200 Silver, 38",Bikes,Mountain Bikes,CONTINUING,48.0,58936.8609,53657.0832,5279.7777,0.08958362592399284,644.0,799611.0768,719899.1996,79711.8772,0.09968831037084003,740674.2159,74432.0995,0.010104684446847185,1227.85126875,1117.8559,109.99536875,1241.6321068322982,1117.8559,123.77620683229814,2.6635030771366432,8874.859725,0.0,1587.4478339734394,63969.79194102656,74432.0995,2.96e-14
551,"LL Mountain Frame - Silver, 40",Components,Mountain Frames,NEW,0.0,0.0,0.0,0.0,0.0,20.0,3168.6,2891.876,276.724,0.08733320709461592,3168.6,276.724,0.08733320709461592,0.0,0.0,0.0,158.43,144.5938,13.8362,2.6635030771366432,0.0,0.0,53.27006154273287,223.45393845726713,276.724,0.0
398,LL Mountain Handlebars,Components,Handlebars,NEW,0.0,0.0,0.0,0.0,0.0,25.0,668.1,494.395,173.705,0.2599985032180811,668.1,173.705,0.2599985032180811,0.0,0.0,0.0,26.724,19.7758,6.9482,2.6635030771366432,0.0,0.0,66.58757692841608,107.11742307158391,173.705,0.0
229,"Long-Sleeve Logo Jersey, M",Clothing,Jerseys,DISCONTINUED,319.0,9200.0876,10120.0836,-919.996,-0.09999861305668438,0.0,0.0,0.0,0.0,0.0,-9200.0876,919.996,0.09999861305668438,28.8404,31.7244,-2.884,0.0,0.0,0.0,2.6635030771366432,0.0,0.0,-849.6574816065893,1769.6534816065891,919.996,0.0
434,"ML Road Frame-W - Yellow, 44",Components,Road Frames,NEW,0.0,0.0,0.0,0.0,0.0,48.0,17131.104,17325.2544,-194.1504,-0.011333210048809463,17131.104,-194.1504,-0.011333210048809463,0.0,0.0,0.0,356.898,360.9428,-4.0448,2.6635030771366432,0.0,0.0,127.84814770255889,-321.9985477025589,-194.1504,0.0
556,LL Crankset,Components,Cranksets,NEW,0.0,0.0,0.0,0.0,0.0,13.0,1368.822,1012.9288,355.8932,0.2599996201113074,1368.822,355.8932,0.2599996201113074,0.0,0.0,0.0,105.294,77.9176,27.3764,2.6635030771366432,0.0,0.0,34.62554000277636,321.26765999722363,355.8932,0.0
285,"LL Road Frame - Black, 52",Components,Road Frames,DISCONTINUED,219.0,39109.1952,38587.7343,521.4609,0.013333460260005555,0.0,0.0,0.0,0.0,0.0,-39109.1952,-521.4609,-0.013333460260005555,178.5808,176.1997,2.3811,0.0,0.0,0.0,2.6635030771366432,0.0,0.0,-583.3071738929249,61.846273892924906,-521.4609,0.0
595,"Mountain-500 Silver, 52",Bikes,Mountain Bikes,NEW,0.0,0.0,0.0,0.0,0.0,19.0,6440.886,5856.1401,584.7459,0.09078656259402822,6440.886,584.7459,0.09078656259402822,0.0,0.0,0.0,338.994,308.2179,30.7761,2.6635030771366432,0.0,0.0,50.60655846559622,534.1393415344038,584.7459,0.0
232,"Long-Sleeve Logo Jersey, L",Clothing,Jerseys,DISCONTINUED,725.0,20824.0077,23000.19,-2176.1823,-0.10450352935664733,0.0,0.0,0.0,0.0,0.0,-20824.0077,2176.1823,0.10450352935664733,28.72276924137931,31.7244,-3.00163075862069,0.0,0.0,0.0,2.6635030771366432,0.0,0.0,-1931.0397309240664,4107.2220309240665,2176.1823,-3.25e-14
333,"Road-650 Black, 58",Bikes,Road Bikes,CONTINUING,74.0,33490.4398,36016.2884,-2525.8486,-0.07541998896055106,879.0,411439.6345,427815.1014,-16375.4669,-0.03980041183903006,377949.1947,-13849.6183,0.03561957712152101,452.57351081081083,486.7066,-34.13308918918919,468.07694482366327,486.7066,-18.629655176336748,2.6635030771366432,13627.518497297297,0.0,2144.119977094998,-29621.256774392295,-13849.6183,-3.1e-15
410,LL Mountain Front Wheel,Components,Wheels,CONTINUING,38.0,1384.986,1024.8904,360.0956,0.25999945125799107,418.0,15209.892,11273.7944,3936.0976,0.25878537467590174,13824.906,3576.002,-0.0012140765820893463,36.447,26.9708,9.4762,36.3873014354067,26.9708,9.4165014354067,2.6635030771366432,-24.953999999999986,0.0,1012.1311693119245,2588.8248306880755,3576.002,-1.48e-14
255,"LL Road Frame - Black, 58",Components,Road Frames,NEW,0.0,0.0,0.0,0.0,0.0,33.0,6676.956,6752.6283,-75.6723,-0.011333353102821107,6676.956,-75.6723,-0.011333353102821107,0.0,0.0,0.0,202.332,204.6251,-2.2931,2.6635030771366432,0.0,0.0,87.89560154550924,-163.56790154550924,-75.6723,0.0
264,"LL Road Frame - Red, 48",Components,Road Frames,DISCONTINUED,153.0,28142.5446,27767.3121,375.2325,0.013333282591653067,0.0,0.0,0.0,0.0,0.0,-28142.5446,-375.2325,-0.013333282591653067,183.9382,181.4857,2.4525,0.0,0.0,0.0,2.6635030771366432,0.0,0.0,-407.51597080190646,32.28347080190644,-375.2325,0.0
475,"Women's Mountain Shorts, M",Clothing,Shorts,NEW,0.0,0.0,0.0,0.0,0.0,28.0,1175.832,732.9364,442.8956,0.37666571414964045,1175.832,442.8956,0.37666571414964045,0.0,0.0,0.0,41.994,26.1763,15.8177,2.6635030771366432,0.0,0.0,74.57808615982601,368.317513840174,442.8956,0.0
384,"Road-550-W Yellow, 40",Bikes,Road Bikes,NEW,0.0,0.0,0.0,0.0,0.0,34.0,22857.996,24244.7132,-1386.7172,-0.06066661311866534,22857.996,-1386.7172,-0.06066661311866534,0.0,0.0,0.0,672.294,713.0798,-40.7858,2.6635030771366432,0.0,0.0,90.55910462264588,-1477.276304622646,-1386.7172,0.0
239,"HL Road Frame - Red, 62",Components,Road Frames,CONTINUING,27.0,21082.0914,19500.9336,1581.1578,0.07500004482477483,163.0,127273.3666,117727.8584,9545.5082,0.07500004482477483,106191.2752,7964.3504,0.0,780.8182,722.2568,58.5614,780.8182,722.2568,58.5614,2.6635030771366432,0.0,0.0,362.2364184905835,7602.113981509417,7964.3504,0.0
340,"Road-650 Black, 48",Bikes,Road Bikes,DISCONTINUED,150.0,62918.835,61971.945,946.89,0.01504938862901705,0.0,0.0,0.0,0.0,0.0,-62918.835,-946.89,-0.01504938862901705,419.4589,413.1463,6.3126,0.0,0.0,0.0,2.6635030771366432,0.0,0.0,-399.52546157049653,-547.3645384295035,-946.89,0.0
412,HL Mountain Front Wheel,Components,Wheels,CONTINUING,21.0,3782.709,2799.2055,983.5035,0.25999977793692297,154.0,27739.866,20527.507,7212.359,0.25999977793692297,23957.157,6228.8555,0.0,180.129,133.2955,46.8335,180.129,133.2955,46.8335,2.6635030771366432,0.0,0.0,354.2459092591736,5874.609590740826,6228.8555,0.0
511,"ML Mountain Frame-W - Silver, 40",Components,Mountain Frames,NEW,0.0,0.0,0.0,0.0,0.0,62.0,13544.148,12361.2934,1182.8546,0.08733326009136935,13544.148,1182.8546,0.08733326009136935,0.0,0.0,0.0,218.454,199.3757,19.0783,2.6635030771366432,0.0,0.0,165.1371907824719,1017.7174092175281,1182.8546,0.0
447,Cable Lock,Accessories,Locks,CONTINUING,67.0,1005.0,690.9375,314.0625,0.3125,670.0,10019.98,6909.375,3110.605,0.31044024039968143,9014.98,2796.5425,-0.0020597596003185635,15.0,10.3125,4.6875,14.955194029850746,10.3125,4.642694029850746,2.6635030771366432,-30.01999999999998,0.0,1606.092355513396,1220.470144486604,2796.5425,-2.1e-14
408,HL Road Handlebars,Components,Handlebars,NEW,0.0,0.0,0.0,0.0,0.0,28.0,2020.536,1495.1972,525.3388,0.2599997228458191,2020.536,525.3388,0.2599997228458191,0.0,0.0,0.0,72.162,53.3999,18.7621,2.6635030771366432,0.0,0.0,74.57808615982601,450.760713840174,525.3388,0.0
233,"Long-Sleeve Logo Jersey, L",Clothing,Jerseys,CONTINUING,148.0,4184.6159,4303.9436,-119.3277,-0.028515807149707577,1457.0,41060.6481,42370.5799,-1309.9318,-0.031902365418338345,36876.0322,-1190.6041,-0.003386558268630768,28.27443175675676,29.0807,-0.8062682432432432,28.18163905284832,29.0807,-0.8990609471516815,2.6635030771366432,-135.19896959459462,0.0,3486.5255279718663,-4541.930658377271,-1190.6041,8.50116e-15
286,"LL Road Frame - Black, 52",Components,Road Frames,CONTINUING,69.0,12691.7358,11739.8532,951.8826,0.075000190281301,419.0,76963.544,71289.8332,5673.7108,0.07371945865694543,64271.8082,4721.8282,-0.0012807316243555788,183.9382,170.1428,13.7954,183.68387589498806,170.1428,13.541075894988067,2.6635030771366432,-106.5618,0.0,932.2260769978252,3896.1639230021747,4721.8282,1.08e-14
526,"LL Mountain Frame - Silver, 48",Components,Mountain Frames,NEW,0.0,0.0,0.0,0.0,0.0,5.0,792.15,722.969,69.181,0.08733320709461592,792.15,69.181,0.08733320709461592,0.0,0.0,0.0,158.43,144.5938,13.8362,2.6635030771366432,0.0,0.0,13.317515385683217,55.86348461431678,69.181,0.0
527,"LL Mountain Frame - Silver, 52",Components,Mountain Frames,NEW,0.0,0.0,0.0,0.0,0.0,28.0,4436.04,4048.6264,387.4136,0.08733320709461592,4436.04,387.4136,0.08733320709461592,0.0,0.0,0.0,158.43,144.5938,13.8362,2.6635030771366432,0.0,0.0,74.57808615982601,312.835513840174,387.4136,0.0
487,Hydration Pack - 70 oz.,Accessories,Hydration Packs,NEW,0.0,0.0,0.0,0.0,0.0,104.0,3304.4371,2138.8952,1165.5419,0.35272025604602975,3304.4371,1165.5419,0.35272025604602975,0.0,0.0,0.0,31.773433653846155,20.5663,11.207133653846153,2.6635030771366432,0.0,0.0,277.0043200222109,888.537579977789,1165.5419,4.8e-15
361,"Mountain-200 Black, 42",Bikes,Mountain Bikes,NEW,0.0,0.0,0.0,0.0,0.0,43.0,59210.742,53835.1959,5375.5461,0.09078667009442307,59210.742,5375.5461,0.09078667009442307,0.0,0.0,0.0,1376.994,1251.9813,125.0127,2.6635030771366432,0.0,0.0,114.53063231687567,5261.015467683124,5375.5461,0.0
223,AWC Logo Cap,Clothing,Caps,DISCONTINUED,699.0,3618.8073,3987.9348,-369.1275,-0.10200252994957759,0.0,0.0,0.0,0.0,0.0,-3618.8073,369.1275,0.10200252994957759,5.177120600858369,5.7052,-0.5280793991416309,0.0,0.0,0.0,2.6635030771366432,0.0,0.0,-1861.7886509185137,2230.9161509185137,369.1275,-1.71e-18
221,"Sport-100 Helmet, Blue",Accessories,Helmets,CONTINUING,121.0,1831.9272,1679.2622,152.665,0.0833357351755026,1052.0,20938.1733,14599.8664,6338.3069,0.3027153710682106,19106.2461,6185.6419,0.219379635892708,15.139894214876033,13.8782,1.261694214876033,19.903206558935363,13.8782,6.025006558935361,2.6635030771366432,5011.0045859504135,0.0,2479.721364814215,-1305.0840507646283,6185.6419,2.27e-14
310,"Road-150 Red, 62",Bikes,Road Bikes,DISCONTINUED,210.0,450862.02,455971.782,-5109.762,-0.011333316565453883,0.0,0.0,0.0,0.0,0.0,-450862.02,5109.762,0.011333316565453883,2146.962,2171.2942,-24.3322,0.0,0.0,0.0,2.6635030771366432,0.0,0.0,-559.3356461986951,5669.097646198695,5109.762,0.0
306,"HL Mountain Frame - Black, 38",Components,Mountain Frames,NEW,0.0,0.0,0.0,0.0,0.0,6.0,4858.56,4434.246,424.314,0.08733328393598103,4858.56,424.314,0.08733328393598103,0.0,0.0,0.0,809.76,739.041,70.719,2.6635030771366432,0.0,0.0,15.981018462819861,408.33298153718016,424.314,0.0
372,"Road-250 Red, 58",Bikes,Road Bikes,NEW,0.0,0.0,0.0,0.0,0.0,14.0,20524.14,21769.2706,-1245.1306,-0.06066663938172318,20524.14,-1245.1306,-0.06066663938172318,0.0,0.0,0.0,1466.01,1554.9479,-88.9379,2.6635030771366432,0.0,0.0,37.28904307991301,-1282.419643079913,-1245.1306,0.0
465,"Half-Finger Gloves, M",Clothing,Gloves,NEW,0.0,0.0,0.0,0.0,0.0,94.0,1371.1755,860.9742,510.2013,0.37209044356466403,1371.1755,510.2013,0.37209044356466403,0.0,0.0,0.0,14.58697340425532,9.1593,5.427673404255319,2.6635030771366432,0.0,0.0,250.36928925084447,259.83201074915553,510.2013,4.6e-15
464,"Half-Finger Gloves, M",Clothing,Gloves,CONTINUING,61.0,861.8629,592.5296,269.3333,0.31250132706721684,664.0,9298.3674,6449.8304,2848.537,0.3063480799866007,8436.5045,2579.2037,-0.006153247080616181,14.1289,9.7136,4.4153,14.003565361445784,9.7136,4.289965361445783,2.6635030771366432,-83.22220000000002,0.0,1606.092355513396,1056.333544486604,2579.2037,2.16e-14
356,"Mountain-200 Silver, 46",Bikes,Mountain Bikes,CONTINUING,47.0,58414.0346,52539.2273,5874.8073,0.10057184613644202,623.0,772725.7066,696424.2257,76301.4809,0.09874329305767139,714311.672,70426.6736,-0.001828553078770621,1242.8518,1117.8559,124.9959,1240.3301871589085,1117.8559,122.47428715890851,2.6635030771366432,-1570.9648,0.0,1534.1777724307067,70463.4606275693,70426.6736,1.44e-14
280,"LL Road Frame - Black, 44",Components,Road Frames,CONTINUING,13.0,2391.1966,2211.8564,179.3402,0.075000190281301,72.0,13243.5504,12250.2816,993.2688,0.075000190281301,10852.3538,813.9286,0.0,183.9382,170.1428,13.7954,183.9382,170.1428,13.7954,2.6635030771366432,0.0,0.0,157.14668155106196,656.7819184489381,813.9286,0.0
376,"Road-250 Black, 48",Bikes,Road Bikes,NEW,0.0,0.0,0.0,0.0,0.0,42.0,60723.1115,65307.8118,-4584.7003,-0.07550173544713697,60723.1115,-4584.7003,-0.07550173544713697,0.0,0.0,0.0,1445.788369047619,1554.9479,-109.15953095238095,2.6635030771366432,0.0,0.0,111.86712923973903,-4696.567429239739,-4584.7003,8e-16
476,"Women's Mountain Shorts, L",Clothing,Shorts,NEW,0.0,0.0,0.0,0.0,0.0,174.0,6256.0492,4554.6762,1701.373,0.2719564609562214,6256.0492,1701.373,0.2719564609562214,0.0,0.0,0.0,35.95430574712643,26.1763,9.778005747126437,2.6635030771366432,0.0,0.0,463.449535421776,1237.923464578224,1701.373,-3.2e-15
214,"Sport-100 Helmet, Red",Accessories,Helmets,NEW,0.0,0.0,0.0,0.0,0.0,135.0,1806.7965,1766.6505,40.146,0.02221943644455809,1806.7965,40.146,0.02221943644455809,0.0,0.0,0.0,13.383677777777779,13.0863,0.2973777777777778,2.6635030771366432,0.0,0.0,359.5729154134469,-319.42691541344686,40.146,-3e-19
386,"Road-550-W Yellow, 42",Bikes,Road Bikes,NEW,0.0,0.0,0.0,0.0,0.0,32.0,21513.408,22818.5536,-1305.1456,-0.06066661311866534,21513.408,-1305.1456,-0.06066661311866534,0.0,0.0,0.0,672.294,713.0798,-40.7858,2.6635030771366432,0.0,0.0,85.23209846837258,-1390.3776984683725,-1305.1456,0.0
525,"LL Mountain Frame - Silver, 44",Components,Mountain Frames,NEW,0.0,0.0,0.0,0.0,0.0,17.0,2693.31,2458.0946,235.2154,0.08733320709461592,2693.31,235.2154,0.08733320709461592,0.0,0.0,0.0,158.43,144.5938,13.8362,2.6635030771366432,0.0,0.0,45.27955231132294,189.93584768867706,235.2154,0.0
422,LL Road Rear Wheel,Components,Wheels,CONTINUING,40.0,2701.56,1999.156,702.404,0.2599994077495965,635.0,42887.265,31736.6015,11150.6635,0.2599994077495965,40185.705,10448.2595,0.0,67.539,49.9789,17.5601,67.539,49.9789,17.5601,2.6635030771366432,0.0,0.0,1584.784330896303,8863.475169103696,10448.2595,0.0
270,"LL Road Frame - Red, 60",Components,Road Frames,DISCONTINUED,220.0,40466.404,39926.854,539.55,0.013333282591653067,0.0,0.0,0.0,0.0,0.0,-40466.404,-539.55,-0.013333282591653067,183.9382,181.4857,2.4525,0.0,0.0,0.0,2.6635030771366432,0.0,0.0,-585.9706769700615,46.42067697006155,-539.55,0.0
309,"HL Mountain Frame - Silver, 38",Components,Mountain Frames,NEW,0.0,0.0,0.0,0.0,0.0,24.0,19648.8,17932.8048,1715.9952,0.08733333333333333,19648.8,1715.9952,0.08733333333333333,0.0,0.0,0.0,818.7,747.2002,71.4998,2.6635030771366432,0.0,0.0,63.924073851279445,1652.0711261487206,1715.9952,0.0
373,"Road-250 Black, 44",Bikes,Road Bikes,CONTINUING,33.0,43194.9375,43582.5654,-387.6279,-0.008973919686768849,519.0,676236.3828,685434.8922,-9198.5094,-0.013602505919472986,633041.4453,-8810.8815,-0.004628586232704137,1308.9375,1320.6838,-11.7463,1302.9602751445086,1320.6838,-17.72352485549133,2.6635030771366432,-3102.1797,0.0,1294.4624954884086,-7003.164295488408,-8810.8815,1.05e-14
343,"Road-650 Black, 52",Bikes,Road Bikes,CONTINUING,103.0,45785.9667,50130.7798,-4344.8131,-0.09489399073886978,961.0,446182.7801,467725.0426,-21542.2625,-0.04828125033236799,400396.8134,-17197.4494,0.04661274040650178,444.5239485436893,486.7066,-42.18265145631068,464.29009375650367,486.7066,-22.416506243496357,2.6635030771366432,18995.265549514563,0.0,2285.28564018324,-38478.000589697804,-17197.4494,3.92e-14
441,"HL Road Frame - Black, 48",Components,Road Frames,CONTINUING,4.0,3123.2728,2889.0272,234.2456,0.07500004482477483,29.0,22643.7278,20945.4472,1698.2806,0.07500004482477483,19520.455,1464.035,0.0,780.8182,722.2568,58.5614,780.8182,722.2568,58.5614,2.6635030771366432,0.0,0.0,66.58757692841608,1397.447423071584,1464.035,0.0
336,"Road-650 Black, 62",Bikes,Road Bikes,DISCONTINUED,146.0,61240.9994,60319.3598,921.6396,0.01504938862901705,0.0,0.0,0.0,0.0,0.0,-61240.9994,-921.6396,-0.01504938862901705,419.4589,413.1463,6.3126,0.0,0.0,0.0,2.6635030771366432,0.0,0.0,-388.8714492619499,-532.76815073805,-921.6396,0.0
377,"Road-250 Black, 52",Bikes,Road Bikes,CONTINUING,26.0,34032.375,34337.7788,-305.4038,-0.008973919686768849,346.0,452892.375,456956.5948,-4064.2198,-0.008973919686768849,418860.0,-3758.816,0.0,1308.9375,1320.6838,-11.7463,1308.9375,1320.6838,-11.7463,2.6635030771366432,0.0,0.0,852.3209846837259,-4611.136984683726,-3758.816,0.0
287,"LL Road Frame - Black, 52",Components,Road Frames,NEW,0.0,0.0,0.0,0.0,0.0,44.0,8785.3903,9003.5044,-218.1141,-0.024826910649604263,8785.3903,-218.1141,-0.024826910649604263,0.0,0.0,0.0,199.66796136363635,204.6251,-4.957138636363636,2.6635030771366432,0.0,0.0,117.1941353940123,-335.3082353940123,-218.1141,1.6e-15
468,"Full-Finger Gloves, S",Clothing,Gloves,CONTINUING,32.0,729.408,501.4688,227.9392,0.3124989032201457,307.0,6997.758,4810.9663,2186.7917,0.3124989032201457,6268.35,1958.8525,0.0,22.794,15.6709,7.1231,22.794,15.6709,7.1231,2.6635030771366432,0.0,0.0,732.4633462125769,1226.389153787423,1958.8525,0.0
318,"Road-450 Red, 48",Bikes,Road Bikes,DISCONTINUED,133.0,116347.602,117666.2039,-1318.6019,-0.011333296753292775,0.0,0.0,0.0,0.0,0.0,-116347.602,1318.6019,0.011333296753292775,874.794,884.7083,-9.9143,0.0,0.0,0.0,2.6635030771366432,0.0,0.0,-354.2459092591736,1672.8478092591736,1318.6019,0.0
491,"Short-Sleeve Classic Jersey, XL",Clothing,Jerseys,NEW,0.0,0.0,0.0,0.0,0.0,191.0,5567.7134,7940.3093,-2372.5959,-0.4261347037008047,5567.7134,-2372.5959,-0.4261347037008047,0.0,0.0,0.0,29.150331937172776,41.5723,-12.421968062827226,2.6635030771366432,0.0,0.0,508.7290877330989,-2881.324987733099,-2372.5959,-5.9e-15
288,"HL Mountain Frame - Silver, 42",Components,Mountain Frames,DISCONTINUED,20.0,14451.898,12476.806,1975.092,0.1366666163849205,0.0,0.0,0.0,0.0,0.0,-14451.898,-1975.092,-0.1366666163849205,722.5949,623.8403,98.7546,0.0,0.0,0.0,2.6635030771366432,0.0,0.0,-53.27006154273287,-1921.8219384572672,-1975.092,0.0
573,"Touring-1000 Blue, 46",Bikes,Touring Bikes,NEW,0.0,0.0,0.0,0.0,0.0,38.0,50421.1732,56313.6402,-5892.467,-0.11686493244865631,50421.1732,-5892.467,-0.11686493244865631,0.0,0.0,0.0,1326.8729789473684,1481.9379,-155.06492105263158,2.6635030771366432,0.0,0.0,101.21311693119245,-5993.680116931192,-5892.467,-1.8e-15
341,"Road-650 Black, 48",Bikes,Road Bikes,CONTINUING,27.0,12684.438,13141.0782,-456.6402,-0.036000034057480514,268.0,125904.792,130437.3688,-4532.5768,-0.036000034057480514,113220.354,-4075.9366,0.0,469.794,486.7066,-16.9126,469.794,486.7066,-16.9126,2.6635030771366432,0.0,0.0,641.9042415899311,-4717.840841589931,-4075.9366,0.0
552,Front Derailleur,Components,Derailleurs,NEW,0.0,0.0,0.0,0.0,0.0,20.0,1097.88,812.432,285.448,0.25999927132291323,1097.88,285.448,0.25999927132291323,0.0,0.0,0.0,54.894,40.6216,14.2724,2.6635030771366432,0.0,0.0,53.27006154273287,232.17793845726715,285.448,0.0
344,"Mountain-100 Silver, 38",Bikes,Mountain Bikes,DISCONTINUED,485.0,920972.2917,927394.884,-6422.5923,-0.006973708501202241,0.0,0.0,0.0,0.0,0.0,-920972.2917,6422.5923,0.006973708501202241,1898.9119416494846,1912.1544,-13.242458350515465,0.0,0.0,0.0,2.6635030771366432,0.0,0.0,-1291.7989924112721,7714.391292411272,6422.5923,8.5e-15
216,"Sport-100 Helmet, Black",Accessories,Helmets,CONTINUING,93.0,1408.0102,1290.6726,117.3376,0.08333575992560281,1020.0,20341.0389,14155.764,6185.2749,0.3040786132118355,18933.0287,6067.9373,0.2207428532862327,15.139894623655914,13.8782,1.261694623655914,19.942195,13.8782,6.063995,2.6635030771366432,4898.346383870968,0.0,2469.0673525056686,-1299.4764363766362,6067.9373,2e-15
531,"LL Mountain Frame - Black, 42",Components,Mountain Frames,NEW,0.0,0.0,0.0,0.0,0.0,21.0,3147.354,2872.485,274.869,0.08733336002241883,3147.354,274.869,0.08733336002241883,0.0,0.0,0.0,149.874,136.785,13.089,2.6635030771366432,0.0,0.0,55.933564619869514,218.93543538013049,274.869,0.0
328,"Road-650 Red, 48",Bikes,Road Bikes,DISCONTINUED,419.0,175753.2791,173108.2997,2644.9794,0.01504938862901705,0.0,0.0,0.0,0.0,0.0,-175753.2791,-2644.9794,-0.01504938862901705,419.4589,413.1463,6.3126,0.0,0.0,0.0,2.6635030771366432,0.0,0.0,-1116.0077893202536,-1528.9716106797464,-2644.9794,0.0
292,"HL Mountain Frame - Silver, 48",Components,Mountain Frames,DISCONTINUED,146.0,119530.2,103194.406,16335.794,0.13666666666666666,0.0,0.0,0.0,0.0,0.0,-119530.2,-16335.794,-0.13666666666666666,818.7,706.811,111.889,0.0,0.0,0.0,2.6635030771366432,0.0,0.0,-388.8714492619499,-15946.92255073805,-16335.794,0.0
457,"Women's Tights, M",Clothing,Tights,CONTINUING,16.0,719.904,494.9344,224.9696,0.3124994443703605,249.0,11203.506,7702.4166,3501.0894,0.3124994443703605,10483.602,3276.1198,0.0,44.994,30.9334,14.0606,44.994,30.9334,14.0606,2.6635030771366432,0.0,0.0,620.596216972838,2655.523583027162,3276.1198,0.0
296,"HL Mountain Frame - Black, 42",Components,Mountain Frames,DISCONTINUED,146.0,104346.8278,90086.1026,14260.7252,0.13666659064455047,0.0,0.0,0.0,0.0,0.0,-104346.8278,-14260.7252,-0.13666659064455047,714.7043,617.0281,97.6762,0.0,0.0,0.0,2.6635030771366432,0.0,0.0,-388.8714492619499,-13871.85375073805,-14260.7252,0.0
469,"Full-Finger Gloves, M",Clothing,Gloves,CONTINUING,153.0,3171.2078,2397.6477,773.5601,0.2439323276134727,1441.0,31523.7792,22581.7669,8942.0123,0.28365927331453966,28352.5714,8168.4522,0.039726945701066954,20.726848366013073,15.6709,5.055948366013072,21.876321443442055,15.6709,6.205421443442054,2.6635030771366432,1656.3907045751635,0.0,3430.5919633519966,3081.4695320728397,8168.4522,4.26e-14
272,"LL Road Frame - Red, 62",Components,Road Frames,DISCONTINUED,150.0,27590.73,27222.855,367.875,0.013333282591653067,0.0,0.0,0.0,0.0,0.0,-27590.73,-367.875,-0.013333282591653067,183.9382,181.4857,2.4525,0.0,0.0,0.0,2.6635030771366432,0.0,0.0,-399.52546157049653,31.65046157049651,-367.875,0.0
461,"Men's Bib-Shorts, L",Clothing,Bib-Shorts,CONTINUING,60.0,3239.64,2227.254,1012.386,0.31249953698559096,382.0,20625.708,14180.1838,6445.5242,0.31249953698559096,17386.068,5433.1382,0.0,53.994,37.1209,16.8731,53.994,37.1209,16.8731,2.6635030771366432,0.0,0.0,857.6479908379991,4575.490209162001,5433.1382,0.0
253,"LL Road Frame - Black, 58",Components,Road Frames,DISCONTINUED,126.0,22501.1808,22201.1622,300.0186,0.013333460260005555,0.0,0.0,0.0,0.0,0.0,-22501.1808,-300.0186,-0.013333460260005555,178.5808,176.1997,2.3811,0.0,0.0,0.0,2.6635030771366432,0.0,0.0,-335.6013877192171,35.582787719217066,-300.0186,0.0
401,HL Mountain Handlebars,Components,Handlebars,CONTINUING,27.0,1771.2486,1310.7231,460.5255,0.26000048779149354,183.0,12005.1294,8883.7899,3121.3395,0.26000048779149354,10233.8808,2660.814,0.0,65.6018,48.5453,17.0565,65.6018,48.5453,17.0565,2.6635030771366432,0.0,0.0,415.5064800333164,2245.3075199666837,2660.814,0.0
496,"HL Touring Frame - Yellow, 54",Components,Touring Frames,NEW,0.0,0.0,0.0,0.0,0.0,16.0,9637.536,9627.8992,9.6368,0.0009999236319324773,9637.536,9.6368,0.0009999236319324773,0.0,0.0,0.0,602.346,601.7437,0.6023,2.6635030771366432,0.0,0.0,42.61604923418629,-32.97924923418629,9.6368,0.0
271,"LL Road Frame - Red, 60",Components,Road Frames,CONTINUING,64.0,12949.248,11978.0544,971.1936,0.075,450.0,91049.4,84220.695,6828.705,0.075,78100.152,5857.5114,0.0,202.332,187.1571,15.1749,202.332,187.1571,15.1749,2.6635030771366432,0.0,0.0,1028.1121877747444,4829.399212225256,5857.5114,0.0
242,"HL Road Frame - Red, 44",Components,Road Frames,CONTINUING,32.0,24986.1824,23112.2176,1873.9648,0.07500004482477483,161.0,125711.7302,116283.3448,9428.3854,0.07500004482477483,100725.5478,7554.4206,0.0,780.8182,722.2568,58.5614,780.8182,722.2568,58.5614,2.6635030771366432,0.0,0.0,343.591896950627,7210.828703049373,7554.4206,0.0
463,"Half-Finger Gloves, S",Clothing,Gloves,NEW,0.0,0.0,0.0,0.0,0.0,100.0,1434.5753,915.93,518.6453,0.3615322946101191,1434.5753,518.6453,0.3615322946101191,0.0,0.0,0.0,14.345753,9.1593,5.186453,2.6635030771366432,0.0,0.0,266.35030771366434,252.29499228633566,518.6453,0.0
364,"Mountain-300 Black, 38",Bikes,Mountain Bikes,CONTINUING,51.0,32672.2895,30520.2054,2152.0841,0.06586878767709255,456.0,295109.8595,272886.5424,22223.3171,0.07530523425294099,262437.57,20071.233,0.00943644657584844,640.6331274509804,598.4354,42.197727450980395,647.1707445175439,598.4354,48.73534451754386,2.6635030771366432,2981.153382352941,0.0,1078.7187462403406,16011.360871406718,20071.233,2.46e-14
289,"HL Mountain Frame - Silver, 42",Components,Mountain Frames,CONTINUING,19.0,14141.1813,12557.3698,1583.8115,0.11199994303163344,102.0,75915.8154,67413.2484,8502.567,0.11199994303163344,61774.6341,6918.7555,0.0,744.2727,660.9142,83.3585,744.2727,660.9142,83.3585,2.6635030771366432,0.0,0.0,221.0707554023414,6697.684744597658,6918.7555,0.0
375,"Road-250 Black, 48",Bikes,Road Bikes,CONTINUING,30.0,39268.125,39620.514,-352.389,-0.008973919686768849,468.0,611824.4394,618080.0184,-6255.579,-0.010224467342518518,572556.3144,-5903.19,-0.001250547655749669,1308.9375,1320.6838,-11.7463,1307.3171782051281,1320.6838,-13.366621794871795,2.6635030771366432,-758.3106,0.0,1166.6143477858498,-6311.49374778585,-5903.19,1.32e-14
407,HL Road Handlebars,Components,Handlebars,CONTINUING,33.0,2164.8594,1601.9949,562.8645,0.26000048779149354,222.0,14563.5996,10777.0566,3786.543,0.26000048779149354,12398.7402,3223.6785,0.0,65.6018,48.5453,17.0565,65.6018,48.5453,17.0565,2.6635030771366432,0.0,0.0,503.40208157882563,2720.276418421174,3223.6785,0.0
445,"Men's Sports Shorts, S",Clothing,Shorts,CONTINUING,24.0,863.856,593.9016,269.9544,0.31249930543979554,347.0,12467.1698,8586.8273,3880.3425,0.3112448584762197,11603.3138,3610.3881,-0.0012544469635758426,35.994,24.7459,11.2481,35.9284432276657,24.7459,11.182543227665706,2.6635030771366432,-22.748199999999983,0.0,860.3114939151358,2772.824806084864,3610.3881,-1.67e-14
354,"Mountain-200 Silver, 42",Bikes,Mountain Bikes,CONTINUING,49.0,60899.7382,54774.9391,6124.7991,0.10057184613644202,649.0,805890.7927,725488.4791,80402.3136,0.09976824940588504,744991.0545,74277.5145,-0.0008035967305569705,1242.8518,1117.8559,124.9959,1241.742361633282,1117.8559,123.88646163328197,2.6635030771366432,-720.0255,0.0,1598.1018462819861,73399.43815371802,74277.5145,-2.27e-14
569,"Touring-3000 Yellow, 50",Bikes,Touring Bikes,NEW,0.0,0.0,0.0,0.0,0.0,28.0,7950.5685,12920.4544,-4969.8859,-0.6250981800861158,7950.5685,-4969.8859,-0.6250981800861158,0.0,0.0,0.0,283.948875,461.4448,-177.495925,2.6635030771366432,0.0,0.0,74.57808615982601,-5044.463986159826,-4969.8859,0.0
575,"Touring-1000 Blue, 54",Bikes,Touring Bikes,NEW,0.0,0.0,0.0,0.0,0.0,13.0,18595.746,19265.1927,-669.4467,-0.03599999161098458,18595.746,-669.4467,-0.03599999161098458,0.0,0.0,0.0,1430.442,1481.9379,-51.4959,2.6635030771366432,0.0,0.0,34.62554000277636,-704.0722400027763,-669.4467,0.0
265,"LL Road Frame - Red, 48",Components,Road Frames,CONTINUING,26.0,5260.632,4866.0846,394.5474,0.075,298.0,60294.936,55772.8158,4522.1202,0.075,55034.304,4127.5728,0.0,202.332,187.1571,15.1749,202.332,187.1571,15.1749,2.6635030771366432,0.0,0.0,724.472836981167,3403.099963018833,4127.5728,0.0
325,"Road-650 Red, 62",Bikes,Road Bikes,CONTINUING,62.0,28830.3182,30175.8092,-1345.491,-0.046669308006458285,914.0,425310.8505,444849.8324,-19538.9819,-0.04594047360190732,396480.5323,-18193.4909,0.0007288344045509662,465.0051322580645,486.7066,-21.701467741935485,465.3291580962801,486.7066,-21.377441903719912,2.6635030771366432,296.15961612903226,0.0,2269.30462172042,-20758.95513784945,-18193.4909,2.32e-14
420,ML Mountain Rear Wheel,Components,Wheels,CONTINUING,33.0,4673.295,3458.2383,1215.0567,0.26,561.0,79267.0136,58790.0511,20476.9625,0.2583289261196539,74593.7186,19261.9058,-0.0016710738803461117,141.615,104.7951,36.8199,141.29592442067735,104.7951,36.50082442067736,2.6635030771366432,-179.00139999999996,0.0,1406.3296247281478,18034.57757527185,19261.9058,-2.59e-14
308,"HL Mountain Frame - Silver, 38",Components,Mountain Frames,CONTINUING,29.0,21583.9083,19166.5118,2417.3965,0.11199994303163344,360.0,267938.172,237929.112,30009.06,0.11199994303163344,246354.2637,27591.6635,0.0,744.2727,660.9142,83.3585,744.2727,660.9142,83.3585,2.6635030771366432,0.0,0.0,881.619518532229,26710.04398146777,27591.6635,0.0
440,"HL Road Frame - Black, 44",Components,Road Frames,NEW,0.0,0.0,0.0,0.0,0.0,12.0,10306.8,10423.6104,-116.8104,-0.011333333333333334,10306.8,-116.8104,-0.011333333333333334,0.0,0.0,0.0,858.9,868.6342,-9.7342,2.6635030771366432,0.0,0.0,31.962036925639723,-148.7724369256397,-116.8104,0.0
553,LL Touring Handlebars,Components,Handlebars,NEW,0.0,0.0,0.0,0.0,0.0,7.0,193.578,143.248,50.33,0.25999855355463947,193.578,50.33,0.25999855355463947,0.0,0.0,0.0,27.654,20.464,7.19,2.6635030771366432,0.0,0.0,18.644521539956504,31.685478460043495,50.33,0.0
218,"Mountain Bike Socks, M",Clothing,Socks,DISCONTINUED,912.0,4969.9461,3097.4256,1872.5205,0.37676877421266197,0.0,0.0,0.0,0.0,0.0,-4969.9461,-1872.5205,-0.37676877421266197,5.449502302631579,3.3963,2.053202302631579,0.0,0.0,0.0,2.6635030771366432,0.0,0.0,-2429.114806348619,556.5943063486188,-1872.5204999999999,-4.32e-14
371,"Road-250 Red, 58",Bikes,Road Bikes,CONTINUING,19.0,24869.8125,25092.9922,-223.1797,-0.008973919686768849,240.0,314145.0,316964.112,-2819.112,-0.008973919686768849,289275.1875,-2595.9323,0.0,1308.9375,1320.6838,-11.7463,1308.9375,1320.6838,-11.7463,2.6635030771366432,0.0,0.0,588.6341800471982,-3184.566480047198,-2595.9323,0.0
212,"Sport-100 Helmet, Red",Accessories,Helmets,DISCONTINUED,405.0,8175.5325,4871.259,3304.2735,0.4041661506452332,0.0,0.0,0.0,0.0,0.0,-8175.5325,-3304.2735,-0.4041661506452332,20.1865,12.0278,8.1587,0.0,0.0,0.0,2.6635030771366432,0.0,0.0,-1078.7187462403406,-2225.5547537596594,-3304.2735,0.0
299,"HL Mountain Frame - Black, 44",Components,Mountain Frames,DISCONTINUED,13.0,10526.88,9088.2064,1438.6736,0.13666666666666666,0.0,0.0,0.0,0.0,0.0,-10526.88,-1438.6736,-0.13666666666666666,809.76,699.0928,110.6672,0.0,0.0,0.0,2.6635030771366432,0.0,0.0,-34.62554000277636,-1404.0480599972236,-1438.6736,0.0
295,"HL Mountain Frame - Silver, 46",Components,Mountain Frames,NEW,0.0,0.0,0.0,0.0,0.0,2.0,1637.4,1494.4004,142.9996,0.08733333333333333,1637.4,142.9996,0.08733333333333333,0.0,0.0,0.0,818.7,747.2002,71.4998,2.6635030771366432,0.0,0.0,5.3270061542732865,137.6725938457267,142.9996,0.0
474,"Women's Mountain Shorts, S",Clothing,Shorts,NEW,0.0,0.0,0.0,0.0,0.0,134.0,4854.8564,3507.6242,1347.2322,0.27750196689648743,4854.8564,1347.2322,0.27750196689648743,0.0,0.0,0.0,36.23027164179104,26.1763,10.053971641791044,2.6635030771366432,0.0,0.0,356.9094123363102,990.3227876636898,1347.2322,-3.2e-15
240,"HL Road Frame - Red, 62",Components,Road Frames,NEW,0.0,0.0,0.0,0.0,0.0,15.0,12883.5,13029.513,-146.013,-0.011333333333333334,12883.5,-146.013,-0.011333333333333334,0.0,0.0,0.0,858.9,868.6342,-9.7342,2.6635030771366432,0.0,0.0,39.95254615704965,-185.96554615704966,-146.013,0.0
217,"Sport-100 Helmet, Black",Accessories,Helmets,NEW,0.0,0.0,0.0,0.0,0.0,124.0,1659.576,1622.7012,36.8748,0.022219410259005916,1659.576,36.8748,0.022219410259005916,0.0,0.0,0.0,13.38367741935484,13.0863,0.2973774193548387,2.6635030771366432,0.0,0.0,330.2743815649438,-293.3995815649438,36.8748,-3.2e-19
